0,-172.11,2091
0.016667,-171.96,2484
0.033333,-171.83,
0.05,-171.48,
0.066667,-171.51,
0.083333,-171.33,
0.1,-171.17,
0.11667,-171.2,
0.13333,-171.03,
0.15,-171.01,
0.16667,-171.01,
0.18333,-171.04,
0.2,-170.91,
0.21667,-170.77,
0.23333,-170.96,
0.25,-171.32,
0.26667,-171.49,
0.28333,-171.49,
0.3,-171.53,
0.31667,-171.77,
0.33333,-172,
0.35,-172.24,
0.36667,-172.49,
0.38333,-172.54,
0.4,-172.56,
0.41667,-172.61,
0.43333,-172.5,
0.45,-172.39,
0.46667,-172.64,
0.48333,-172.87,
0.5,-173.07,
0.51667,-173.13,
0.53333,-173.37,
0.55,-173.57,
0.56667,-173.74,
0.58333,-173.77,
0.6,-173.61,
0.61667,-173.29,
0.63333,-173.17,
0.65,-173.04,
0.66667,-173.07,
0.68333,-173.31,
0.7,-173.34,
0.71667,-173.54,
0.73333,-173.55,
0.75,-173.59,
0.76667,-173.61,
0.78333,-173.81,
0.8,-173.71,
0.81667,-173.09,
0.83333,-172.28,
0.85,-171.6,
0.86667,-171.27,
0.88333,-171.33,
0.9,-171.4,
0.91667,-171.59,
0.93333,-172,
0.95,-172.23,
0.96667,-172.29,
0.98333,-172.32,
1,-172.35,
1.0167,-172.03,
1.0333,-171.54,
1.05,-171.07,
1.0667,-170.91,
1.0833,-171.46,
1.1,-172.01,
1.1167,-172.44,
1.1333,-172.34,
1.15,-172.03,
1.1667,-171.86,
1.1833,-171.91,
1.2,-171.78,
1.2167,-171.81,
1.2333,-171.83,
1.25,-172.09,
1.2667,-172,
1.2833,-171.89,
1.3,-171.88,
1.3167,-172.04,
1.3333,-172.59,
1.35,-173.02,
1.3667,-173.5,
1.3833,-173.58,
1.4,-173.71,
1.4167,-173.44,
1.4333,-173.15,
1.45,-172.83,
1.4667,-173.08,
1.4833,-173.12,
1.5,-173,
1.5167,-173.26,
1.5333,-173.52,
1.55,-173.93,
1.5667,-174.29,
1.5833,-174.63,
1.6,-175.06,
1.6167,-175.23,
1.6333,-175,
1.65,-174.55,
1.6667,-174.57,
1.6833,-174.6,
1.7,-174.86,
1.7167,-174.97,
1.7333,-175.03,
1.75,-175.59,
1.7667,-176.2,
1.7833,-176.62,
1.8,-177.03,
1.8167,-177.39,
1.8333,-177.59,
1.85,-177.67,
1.8667,-177.2,
1.8833,-176.91,
1.9,-176.42,
1.9167,-176.46,
1.9333,-176.52,
1.95,-176.75,
1.9667,-177,
1.9833,-177.03,
2,-177.05,
2.0167,-177.03,
2.0333,-176.66,
2.05,-176,
2.0667,-175.35,
2.0833,-174.88,
2.1,-174.72,
2.1167,-174.88,
2.1333,-175.03,
2.15,-175.24,
2.1667,-175.49,
2.1833,-175.91,
2.2,-175.95,
2.2167,-175.99,
2.2333,-175.81,
2.25,-175.43,
2.2667,-175.27,
2.2833,-174.74,
2.3,-174.24,
2.3167,-173.7,
2.3333,-173.52,
2.35,-173.48,
2.3667,-173.48,
2.3833,-173.43,
2.4,-173.4,
2.4167,-173.18,
2.4333,-172.76,
2.45,-172.4,
2.4667,-172.28,
2.4833,-172.17,
2.5,-172.15,
2.5167,-172.08,
2.5333,-172.03,
2.55,-172.04,
2.5667,-172.27,
2.5833,-172.52,
2.6,-172.51,
2.6167,-172.7,
2.6333,-172.7,
2.65,-172.34,
2.6667,-172,
2.6833,-172.01,
2.7,-171.82,
2.7167,-171.62,
2.7333,-171.38,
2.75,-171.16,
2.7667,-170.98,
2.7833,-170.57,
2.8,-170.35,
2.8167,-170.17,
2.8333,-170.01,
2.85,-169.81,
2.8667,-169.57,
2.8833,-169.4,
2.9,-169.04,
2.9167,-168.51,
2.9333,-168.14,
2.95,-167.77,
2.9667,-167.44,
2.9833,-167.45,
3,-167.59,
3.0167,-167.75,
3.0333,-167.78,
3.05,-167.65,
3.0667,-167.46,
3.0833,-167.43,
3.1,-167.4,
3.1167,-167.41,
3.1333,-167.04,
3.15,-166.66,
3.1667,-166.42,
3.1833,-166.22,
3.2,-166.03,
3.2167,-166.03,
3.2333,-166.02,
3.25,-166.02,
3.2667,-165.83,
3.2833,-165.64,
3.3,-165.61,
3.3167,-165.61,
3.3333,-165.62,
3.35,-165.68,
3.3667,-165.49,
3.3833,-165.12,
3.4,-164.97,
3.4167,-164.83,
3.4333,-164.72,
3.45,-164.75,
3.4667,-164.75,
3.4833,-164.91,
3.5,-164.91,
3.5167,-164.92,
3.5333,-164.73,
3.55,-164.77,
3.5667,-164.81,
3.5833,-164.89,
3.6,-164.96,
3.6167,-164.83,
3.6333,-164.43,
3.65,-164.2,
3.6667,-164.37,
3.6833,-164.79,
3.7,-165.03,
3.7167,-164.87,
3.7333,-164.54,
3.75,-164.6,
3.7667,-165.01,
3.7833,-165.21,
3.8,-165.41,
3.8167,-165.43,
3.8333,-165.51,
3.85,-165.59,
3.8667,-165.46,
3.8833,-165.46,
3.9,-165.47,
3.9167,-165.68,
3.9333,-165.73,
3.95,-165.94,
3.9667,-166.3,
3.9833,-166.69,
4,-166.96,
4.0167,-167.06,
4.0333,-167.13,
4.05,-166.95,
4.0667,-166.77,
4.0833,-166.6,
4.1,-166.02,
4.1167,-165.87,
4.1333,-166.1,
4.15,-166.73,
4.1667,-167.13,
4.1833,-167.35,
4.2,-167.37,
4.2167,-167.39,
4.2333,-167.64,
4.25,-168.08,
4.2667,-168.17,
4.2833,-168.05,
4.3,-167.72,
4.3167,-167.77,
4.3333,-167.99,
4.35,-168.16,
4.3667,-168.36,
4.3833,-168.38,
4.4,-168.04,
4.4167,-167.7,
4.4333,-167.52,
4.45,-167.38,
4.4667,-167.22,
4.4833,-167.1,
4.5,-166.76,
4.5167,-166.94,
4.5333,-167.3,
4.55,-167.66,
4.5667,-167.86,
4.5833,-167.73,
4.6,-167.57,
4.6167,-167.41,
4.6333,-167.43,
4.65,-167.43,
4.6667,-167.4,
4.6833,-167.23,
4.7,-167.09,
4.7167,-167.14,
4.7333,-167.16,
4.75,-167.21,
4.7667,-167.41,
4.7833,-167.63,
4.8,-167.85,
4.8167,-167.89,
4.8333,-167.73,
4.85,-167.54,
4.8667,-167.14,
4.8833,-167.12,
4.9,-167.34,
4.9167,-167.53,
4.9333,-167.51,
4.95,-167.37,
4.9667,-167.41,
4.9833,-168,
5,-168.22,
5.0167,-168.29,
5.0333,-168.13,
5.05,-168.37,
5.0667,-168.59,
5.0833,-168.74,
5.1,-168.74,
5.1167,-168.96,
5.1333,-169.22,
5.15,-169.27,
5.1667,-169.32,
5.1833,-169.18,
5.2,-169.04,
5.2167,-169.06,
5.2333,-169.04,
5.25,-169.07,
5.2667,-169.29,
5.2833,-169.66,
5.3,-169.85,
5.3167,-170.21,
5.3333,-170.24,
5.35,-170.26,
5.3667,-170.14,
5.3833,-170.14,
5.4,-170.32,
5.4167,-170.49,
5.4333,-170.86,
5.45,-171.25,
5.4667,-171.66,
5.4833,-172.03,
5.5,-172.22,
5.5167,-172.44,
5.5333,-172.28,
5.55,-172.1,
5.5667,-172.28,
5.5833,-172.25,
5.6,-172.44,
5.6167,-172.46,
5.6333,-172.46,
5.65,-172.46,
5.6667,-172.65,
5.6833,-172.88,
5.7,-172.95,
5.7167,-173.19,
5.7333,-173.03,
5.75,-172.87,
5.7667,-172.53,
5.7833,-172.4,
5.8,-172.22,
5.8167,-172.24,
5.8333,-172.03,
5.85,-172.01,
5.8667,-172.37,
5.8833,-172.88,
5.9,-173.22,
5.9167,-173.19,
5.9333,-173.15,
5.95,-173.12,
5.9667,-173.08,
5.9833,-173.08,
6,-173.11,
6.0167,-173.15,
6.0333,-172.99,
6.05,-172.81,
6.0667,-172.81,
6.0833,-172.56,
6.1,-172.53,
6.1167,-172.56,
6.1333,-172.79,
6.15,-172.94,
6.1667,-173.06,
6.1833,-173.27,
6.2,-173.5,
6.2167,-173.68,
6.2333,-173.87,
6.25,-173.67,
6.2667,-173.51,
6.2833,-173.41,
6.3,-173.33,
6.3167,-173.4,
6.3333,-173.76,
6.35,-174.09,
6.3667,-174.45,
6.3833,-174.49,
6.4,-174.32,
6.4167,-173.92,
6.4333,-173.34,
6.45,-173.1,
6.4667,-173.23,
6.4833,-173.56,
6.5,-173.9,
6.5167,-173.97,
6.5333,-174.08,
6.55,-173.79,
6.5667,-173.42,
6.5833,-173.04,
6.6,-172.81,
6.6167,-172.38,
6.6333,-171.95,
6.65,-171.69,
6.6667,-171.85,
6.6833,-172.02,
6.7,-172.09,
6.7167,-172.16,
6.7333,-171.86,
6.75,-171.68,
6.7667,-171.51,
6.7833,-171.3,
6.8,-171.13,
6.8167,-170.77,
6.8333,-170.54,
6.85,-170.45,
6.8667,-170.72,
6.8833,-171.12,
6.9,-171.03,
6.9167,-170.94,
6.9333,-170.63,
6.95,-170.65,
6.9667,-170.81,
6.9833,-170.79,
7,-170.76,
7.0167,-170.87,
7.0333,-170.98,
7.05,-170.98,
7.0667,-171.03,
7.0833,-171.03,
7.1,-171.01,
7.1167,-171.05,
7.1333,-171.12,
7.15,-171.33,
7.1667,-171.67,
7.1833,-171.86,
7.2,-171.87,
7.2167,-171.72,
7.2333,-171.58,
7.25,-171.29,
7.2667,-171.11,
7.2833,-171.05,
7.3,-170.95,
7.3167,-171.12,
7.3333,-171.33,
7.35,-171.56,
7.3667,-171.58,
7.3833,-171.62,
7.4,-171.6,
7.4167,-171.57,
7.4333,-171.5,
7.45,-171.28,
7.4667,-170.91,
7.4833,-170.62,
7.5,-170.66,
7.5167,-170.65,
7.5333,-170.58,
7.55,-170.48,
7.5667,-170.22,
7.5833,-170.03,
7.6,-169.83,
7.6167,-169.68,
7.6333,-169.53,
7.65,-169.68,
7.6667,-169.83,
7.6833,-169.81,
7.7,-169.59,
7.7167,-169.13,
7.7333,-169.08,
7.75,-168.9,
7.7667,-168.92,
7.7833,-168.91,
7.8,-168.92,
7.8167,-169.28,
7.8333,-169.42,
7.85,-169.55,
7.8667,-169.55,
7.8833,-169.7,
7.9,-169.49,
7.9167,-169.09,
7.9333,-168.73,
7.95,-168.73,
7.9667,-168.79,
7.9833,-169,
8,-168.99,
8.0167,-168.96,
8.0333,-168.91,
8.05,-169.07,
8.0667,-169.24,
8.0833,-169.37,
8.1,-169.53,
8.1167,-169.74,
8.1333,-169.77,
8.15,-169.58,
8.1667,-169.38,
8.1833,-169.35,
8.2,-169.35,
8.2167,-169.52,
8.2333,-169.47,
8.25,-169.44,
8.2667,-169.62,
8.2833,-169.62,
8.3,-169.62,
8.3167,-169.59,
8.3333,-169.42,
8.35,-169.22,
8.3667,-169.02,
8.3833,-168.82,
8.4,-168.79,
8.4167,-168.58,
8.4333,-168.35,
8.45,-168.52,
8.4667,-168.54,
8.4833,-168.55,
8.5,-168.34,
8.5167,-168.12,
8.5333,-167.87,
8.55,-167.68,
8.5667,-167.51,
8.5833,-167.32,
8.6,-167.25,
8.6167,-167.18,
8.6333,-166.98,
8.65,-166.61,
8.6667,-166.21,
8.6833,-165.95,
8.7,-166.07,
8.7167,-166.01,
8.7333,-166.32,
8.75,-166.46,
8.7667,-166.41,
8.7833,-166.18,
8.8,-165.86,
8.8167,-165.31,
8.8333,-164.74,
8.85,-164.48,
8.8667,-164.55,
8.8833,-164.66,
8.9,-164.95,
8.9167,-165.1,
8.9333,-165.22,
8.95,-165.39,
8.9667,-165.55,
8.9833,-165.56,
9,-165.56,
9.0167,-165.2,
9.0333,-164.83,
9.05,-164.45,
9.0667,-164.45,
9.0833,-164.42,
9.1,-164.41,
9.1167,-164.56,
9.1333,-164.74,
9.15,-165.07,
9.1667,-165.02,
9.1833,-164.98,
9.2,-164.57,
9.2167,-164.36,
9.2333,-164.37,
9.25,-164,
9.2667,-163.64,
9.2833,-163.63,
9.3,-163.75,
9.3167,-164.23,
9.3333,-164.56,
9.35,-165.08,
9.3667,-165.24,
9.3833,-165.17,
9.4,-165.14,
9.4167,-164.73,
9.4333,-164.56,
9.45,-164.39,
9.4667,-164.39,
9.4833,-164.19,
9.5,-164.12,
9.5167,-164.04,
9.5333,-164.2,
9.55,-164.36,
9.5667,-164.34,
9.5833,-164.14,
9.6,-163.77,
9.6167,-163.41,
9.6333,-162.84,
9.65,-162.65,
9.6667,-162.38,
9.6833,-162.52,
9.7,-162.44,
9.7167,-162.41,
9.7333,-162.55,
9.75,-162.54,
9.7667,-162.71,
9.7833,-162.71,
9.8,-162.69,
9.8167,-162.42,
9.8333,-162.5,
9.85,-162.63,
9.8667,-162.79,
9.8833,-162.81,
9.9,-162.58,
9.9167,-162.38,
9.9333,-162.19,
9.95,-162,
9.9667,-161.96,
9.9833,-161.92,
10,-162.09,
10.017,-162.08,
10.033,-162.03,
10.05,-161.98,
10.067,-161.93,
10.083,-161.99,
10.1,-162.04,
10.117,-162.1,
10.133,-162.14,
10.15,-162.18,
10.167,-162.42,
10.183,-162.67,
10.2,-162.91,
10.217,-162.75,
10.233,-162.58,
10.25,-162.73,
10.267,-162.89,
10.283,-163.01,
10.3,-163.14,
10.317,-163.26,
10.333,-163.17,
10.35,-163.08,
10.367,-163.55,
10.383,-164.03,
10.4,-164.51,
10.417,-164.92,
10.433,-165.33,
10.45,-165.6,
10.467,-165.87,
10.483,-166.16,
10.5,-166.44,
10.517,-166.54,
10.533,-166.65,
10.55,-166.75,
10.567,-166.98,
10.583,-167.22,
10.6,-167.45,
10.617,-167.49,
10.633,-167.53,
10.65,-167.48,
10.667,-167.43,
10.683,-167.55,
10.7,-167.66,
10.717,-167.78,
10.733,-167.72,
10.75,-167.66,
10.767,-167.69,
10.783,-167.73,
10.8,-167.68,
10.817,-167.65,
10.833,-167.61,
10.85,-167.65,
10.867,-167.69,
10.883,-167.52,
10.9,-167.35,
10.917,-167.18,
10.933,-167.04,
10.95,-166.89,
10.967,-166.93,
10.983,-166.97,
11,-166.74,
11.017,-166.51,
11.033,-166.27,
11.05,-165.92,
11.067,-165.58,
11.083,-165.54,
11.1,-165.5,
11.117,-165.18,
11.133,-164.87,
11.15,-164.56,
11.167,-164.56,
11.183,-164.57,
11.2,-164.31,
11.217,-164.05,
11.233,-163.8,
11.25,-163.62,
11.267,-163.45,
11.283,-163.62,
11.3,-163.79,
11.317,-163.95,
11.333,-164.15,
11.35,-164.34,
11.367,-164.3,
11.383,-164.25,
11.4,-164.04,
11.417,-163.82,
11.433,-163.57,
11.45,-163.32,
11.467,-163.06,
11.483,-163.16,
11.5,-163.62,
11.517,-163.89,
11.533,-164.03,
11.55,-163.99,
11.567,-163.93,
11.583,-164.05,
11.6,-163.81,
11.617,-163.36,
11.633,-163.09,
11.65,-163.01,
11.667,-162.92,
11.683,-163.23,
11.7,-163.34,
11.717,-163.64,
11.733,-164.1,
11.75,-164.38,
11.767,-164.49,
11.783,-164.83,
11.8,-164.96,
11.817,-164.89,
11.833,-164.79,
11.85,-164.68,
11.867,-164.95,
11.883,-165.6,
11.9,-166.08,
11.917,-166.38,
11.933,-166.68,
11.95,-167.15,
11.967,-167.46,
11.983,-167.56,
12,-167.68,
12.017,-167.62,
12.033,-167.71,
12.05,-168.02,
12.067,-168.33,
12.083,-168.47,
12.1,-168.77,
12.117,-168.88,
12.133,-169.13,
12.15,-169.4,
12.167,-169.85,
12.183,-170.12,
12.2,-170.4,
12.217,-170.66,
12.233,-170.76,
12.25,-170.68,
12.267,-170.62,
12.283,-170.38,
12.3,-170.32,
12.317,-170.22,
12.333,-170.3,
12.35,-170.4,
12.367,-170.49,
12.383,-170.56,
12.4,-170.63,
12.417,-170.7,
12.433,-170.57,
12.45,-170.46,
12.467,-170.36,
12.483,-170.09,
12.5,-170,
12.517,-169.9,
12.533,-169.63,
12.55,-169.38,
12.567,-169.07,
12.583,-168.96,
12.6,-169.02,
12.617,-168.92,
12.633,-168.61,
12.65,-168.12,
12.667,-167.83,
12.683,-167.36,
12.7,-166.87,
12.717,-166.41,
12.733,-166.11,
12.75,-165.84,
12.767,-165.74,
12.783,-165.43,
12.8,-165.29,
12.817,-165.17,
12.833,-165.22,
12.85,-164.91,
12.867,-164.42,
12.883,-164.14,
12.9,-163.67,
12.917,-163.2,
12.933,-162.89,
12.95,-162.77,
12.967,-162.84,
12.983,-162.89,
13,-163.14,
13.017,-163.02,
13.033,-162.73,
13.05,-162.62,
13.067,-162.5,
13.083,-162.22,
13.1,-161.91,
13.117,-161.61,
13.133,-161.5,
13.15,-161.39,
13.167,-161.07,
13.183,-160.96,
13.2,-160.83,
13.217,-160.71,
13.233,-160.79,
13.25,-160.68,
13.267,-160.75,
13.283,-161.02,
13.3,-161.1,
13.317,-161.18,
13.333,-161.07,
13.35,-160.76,
13.367,-160.83,
13.383,-160.91,
13.4,-161,
13.417,-161.08,
13.433,-161.35,
13.45,-161.79,
13.467,-162.05,
13.483,-161.93,
13.5,-161.81,
13.517,-161.69,
13.533,-161.76,
13.55,-161.84,
13.567,-161.92,
13.583,-161.81,
13.6,-161.51,
13.617,-161.41,
13.633,-161.48,
13.65,-161.56,
13.667,-161.62,
13.683,-161.69,
13.7,-161.93,
13.717,-162.38,
13.733,-162.46,
13.75,-162.53,
13.767,-162.62,
13.783,-162.7,
13.8,-162.6,
13.817,-162.67,
13.833,-162.76,
13.85,-163.02,
13.867,-163.26,
13.883,-163.53,
13.9,-163.96,
13.917,-164.38,
13.933,-164.62,
13.95,-164.87,
13.967,-164.94,
13.983,-164.84,
14,-164.92,
14.017,-165.18,
14.033,-165.43,
14.05,-165.5,
14.067,-165.59,
14.083,-165.83,
14.1,-166.08,
14.117,-166.32,
14.133,-166.57,
14.15,-166.82,
14.167,-166.9,
14.183,-167.13,
14.2,-167,
14.217,-166.69,
14.233,-166.38,
14.25,-166.08,
14.267,-165.95,
14.283,-165.82,
14.3,-165.87,
14.317,-165.95,
14.333,-166.01,
14.35,-166.07,
14.367,-166.28,
14.383,-166.32,
14.4,-166.2,
14.417,-165.72,
14.433,-165.42,
14.45,-165.12,
14.467,-165.19,
14.483,-165.25,
14.5,-165.12,
14.517,-165.19,
14.533,-165.05,
14.55,-165.1,
14.567,-165.33,
14.583,-165.35,
14.6,-165.37,
14.617,-165.22,
14.633,-164.73,
14.65,-164.28,
14.667,-164.02,
14.683,-164.11,
14.7,-164.19,
14.717,-164.25,
14.733,-164.12,
14.75,-164.38,
14.767,-164.63,
14.783,-164.69,
14.8,-164.57,
14.817,-164.09,
14.833,-163.83,
14.85,-163.72,
14.867,-164.17,
14.883,-164.4,
14.9,-164.66,
14.917,-164.73,
14.933,-164.62,
14.95,-164.7,
14.967,-164.94,
14.983,-165.2,
15,-165.49,
15.017,-165.78,
15.033,-166.02,
15.05,-166.25,
15.067,-166.1,
15.083,-165.99,
15.1,-165.85,
15.117,-165.92,
15.133,-166,
15.15,-166.22,
15.167,-166.27,
15.183,-166.3,
15.2,-166.36,
15.217,-166.44,
15.233,-166.51,
15.25,-166.76,
15.267,-166.81,
15.283,-166.68,
15.3,-166.71,
15.317,-166.97,
15.333,-167.04,
15.35,-166.91,
15.367,-167.15,
15.383,-167.58,
15.4,-168.01,
15.417,-168.27,
15.433,-168.12,
15.45,-168.19,
15.467,-168.02,
15.483,-167.89,
15.5,-167.76,
15.517,-167.81,
15.533,-167.88,
15.55,-168.17,
15.567,-168.23,
15.583,-168.3,
15.6,-168.19,
15.617,-168.08,
15.633,-168.09,
15.65,-168.11,
15.667,-168.14,
15.683,-168.17,
15.7,-168.19,
15.717,-168.4,
15.733,-168.41,
15.75,-168.06,
15.767,-167.76,
15.783,-167.46,
15.8,-167.56,
15.817,-167.57,
15.833,-167.59,
15.85,-167.59,
15.867,-167.43,
15.883,-167.09,
15.9,-166.91,
15.917,-166.76,
15.933,-166.38,
15.95,-166.21,
15.967,-165.9,
15.983,-165.57,
16,-165.24,
16.017,-164.88,
16.033,-164.69,
16.05,-164.54,
16.067,-164.39,
16.083,-164.51,
16.1,-164.79,
16.117,-165.02,
16.133,-164.85,
16.15,-164.51,
16.167,-164.4,
16.183,-164.51,
16.2,-164.58,
16.217,-164.48,
16.233,-164.19,
16.25,-163.85,
16.267,-163.72,
16.283,-163.58,
16.3,-163.76,
16.317,-163.61,
16.333,-163.43,
16.35,-163.11,
16.367,-162.8,
16.383,-162.61,
16.4,-162.43,
16.417,-162.25,
16.433,-162.09,
16.45,-161.95,
16.467,-161.83,
16.483,-161.89,
16.5,-162.09,
16.517,-162.29,
16.533,-162.51,
16.55,-162.58,
16.567,-162.78,
16.583,-162.99,
16.6,-162.81,
16.617,-162.72,
16.633,-162.51,
16.65,-162.82,
16.667,-163.06,
16.683,-163.42,
16.7,-163.64,
16.717,-163.87,
16.733,-163.87,
16.75,-164.05,
16.767,-164.06,
16.783,-164.07,
16.8,-163.94,
16.817,-163.95,
16.833,-163.97,
16.85,-164.01,
16.867,-164.08,
16.883,-164.19,
16.9,-164.09,
16.917,-164.03,
16.933,-164.25,
16.95,-164.79,
16.967,-165.28,
16.983,-165.44,
17,-165.49,
17.017,-165.39,
17.033,-165.31,
17.05,-165.18,
17.067,-165.39,
17.083,-165.53,
17.1,-165.57,
17.117,-165.42,
17.133,-165.27,
17.15,-165.27,
17.167,-165.1,
17.183,-165.14,
17.2,-165.25,
17.217,-165.54,
17.233,-165.38,
17.25,-165.18,
17.267,-165.05,
17.283,-164.89,
17.3,-164.81,
17.317,-164.71,
17.333,-164.76,
17.35,-164.97,
17.367,-165.4,
17.383,-165.69,
17.4,-165.81,
17.417,-165.54,
17.433,-165.38,
17.45,-165,
17.467,-164.73,
17.483,-164.64,
17.5,-164.54,
17.517,-164.61,
17.533,-164.65,
17.55,-164.88,
17.567,-165.34,
17.583,-165.72,
17.6,-165.98,
17.617,-166.08,
17.633,-165.82,
17.65,-165.5,
17.667,-165.16,
17.683,-165.01,
17.7,-165.08,
17.717,-165.17,
17.733,-165.45,
17.75,-165.72,
17.767,-165.91,
17.783,-166.14,
17.8,-166.41,
17.817,-166.55,
17.833,-166.28,
17.85,-165.95,
17.867,-165.83,
17.883,-165.83,
17.9,-166.02,
17.917,-166.03,
17.933,-166.05,
17.95,-166.25,
17.967,-166.44,
17.983,-166.49,
18,-166.77,
18.017,-166.9,
18.033,-166.95,
18.05,-167.12,
18.067,-167.21,
18.083,-167.23,
18.1,-167.32,
18.117,-167.38,
18.133,-167.54,
18.15,-167.63,
18.167,-167.86,
18.183,-168.28,
18.2,-168.46,
18.217,-168.79,
18.233,-169.03,
18.25,-169.18,
18.267,-169.28,
18.283,-169.34,
18.3,-169.27,
18.317,-169.47,
18.333,-169.51,
18.35,-169.47,
18.367,-169.39,
18.383,-169.41,
18.4,-169.47,
18.417,-169.78,
18.433,-169.93,
18.45,-169.89,
18.467,-169.85,
18.483,-169.86,
18.5,-169.82,
18.517,-169.77,
18.533,-169.52,
18.55,-169.54,
18.567,-169.87,
18.583,-170.04,
18.6,-170.31,
18.617,-170.05,
18.633,-169.74,
18.65,-169.66,
18.667,-169.71,
18.683,-169.93,
18.7,-170.01,
18.717,-170.16,
18.733,-169.94,
18.75,-169.83,
18.767,-169.36,
18.783,-169.28,
18.8,-169.26,
18.817,-169.22,
18.833,-169.27,
18.85,-169.02,
18.867,-169.01,
18.883,-169,
18.9,-168.77,
18.917,-168.65,
18.933,-168.58,
18.95,-168.42,
18.967,-168.2,
18.983,-168.24,
19,-168.18,
19.017,-167.9,
19.033,-167.43,
19.05,-167.28,
19.067,-167.25,
19.083,-167.29,
19.1,-167.33,
19.117,-167.42,
19.133,-167.41,
19.15,-167.51,
19.167,-167.5,
19.183,-167.57,
19.2,-167.38,
19.217,-167.26,
19.233,-166.92,
19.25,-166.8,
19.267,-166.85,
19.283,-166.73,
19.3,-166.96,
19.317,-167.08,
19.333,-167.23,
19.35,-167.21,
19.367,-167.24,
19.383,-167.22,
19.4,-166.93,
19.417,-166.57,
19.433,-166.17,
19.45,-165.87,
19.467,-165.73,
19.483,-165.75,
19.5,-166.07,
19.517,-166.01,
19.533,-166.01,
19.55,-166.11,
19.567,-166.19,
19.583,-166.12,
19.6,-165.88,
19.617,-165.72,
19.633,-165.73,
19.65,-165.9,
19.667,-165.9,
19.683,-165.61,
19.7,-165.39,
19.717,-165.39,
19.733,-165.51,
19.75,-165.72,
19.767,-166.1,
19.783,-166.11,
19.8,-166.18,
19.817,-166.11,
19.833,-166.18,
19.85,-166.08,
19.867,-165.73,
19.883,-165.61,
19.9,-165.6,
19.917,-165.58,
19.933,-165.23,
19.95,-164.7,
19.967,-164.62,
19.983,-165.01,
20,-164.99,
20.017,-164.62,
20.033,-164.23,
20.05,-163.76,
20.067,-163.41,
20.083,-163.5,
20.1,-163.38,
20.117,-163.07,
20.133,-162.73,
20.15,-162.53,
20.167,-162.69,
20.183,-162.71,
20.2,-162.69,
20.217,-162.69,
20.233,-162.81,
20.25,-162.58,
20.267,-162.27,
20.283,-161.99,
20.3,-161.9,
20.317,-161.72,
20.333,-161.79,
20.35,-161.93,
20.367,-162.34,
20.383,-162.49,
20.4,-162.63,
20.417,-162.79,
20.433,-162.78,
20.45,-162.78,
20.467,-162.7,
20.483,-162.79,
20.5,-162.71,
20.517,-162.89,
20.533,-163.21,
20.55,-163.56,
20.567,-163.98,
20.583,-164.65,
20.6,-164.9,
20.617,-164.91,
20.633,-165,
20.65,-165.33,
20.667,-165.66,
20.683,-165.82,
20.7,-165.98,
20.717,-165.8,
20.733,-165.62,
20.75,-165.38,
20.767,-165.65,
20.783,-166,
20.8,-166.39,
20.817,-166.67,
20.833,-167.09,
20.85,-167.34,
20.867,-167.5,
20.883,-167.66,
20.9,-167.74,
20.917,-167.65,
20.933,-167.24,
20.95,-167.02,
20.967,-166.8,
20.983,-167.14,
21,-167.63,
21.017,-167.94,
21.033,-168.08,
21.05,-168.08,
21.067,-168.2,
21.083,-168.2,
21.1,-167.95,
21.117,-167.78,
21.133,-167.62,
21.15,-167.65,
21.167,-167.6,
21.183,-167.52,
21.2,-167.53,
21.217,-167.61,
21.233,-167.54,
21.25,-167.79,
21.267,-168.23,
21.283,-168.57,
21.3,-168.84,
21.317,-168.62,
21.333,-168.39,
21.35,-168.07,
21.367,-167.97,
21.383,-168.04,
21.4,-168.39,
21.417,-168.83,
21.433,-169.01,
21.45,-169.13,
21.467,-169.07,
21.483,-168.92,
21.5,-168.85,
21.517,-168.76,
21.533,-168.92,
21.55,-169.17,
21.567,-169.52,
21.583,-169.62,
21.6,-169.65,
21.617,-169.42,
21.633,-169.1,
21.65,-169.14,
21.667,-169.24,
21.683,-169.5,
21.7,-169.68,
21.717,-169.71,
21.733,-169.81,
21.75,-170,
21.767,-170.44,
21.783,-170.63,
21.8,-170.42,
21.817,-169.98,
21.833,-169.7,
21.85,-169.47,
21.867,-169.92,
21.883,-170.27,
21.9,-170.37,
21.917,-170.47,
21.933,-170.81,
21.95,-171.32,
21.967,-171.74,
21.983,-171.82,
22,-171.6,
22.017,-171.2,
22.033,-170.91,
22.05,-170.85,
22.067,-170.88,
22.083,-171.15,
22.1,-171.25,
22.117,-171.28,
22.133,-171.53,
22.15,-171.95,
22.167,-172.45,
22.183,-172.78,
22.2,-172.8,
22.217,-172.49,
22.233,-172.27,
22.25,-172.07,
22.267,-171.69,
22.283,-171.64,
22.3,-172.05,
22.317,-172.56,
22.333,-172.74,
22.35,-172.83,
22.367,-173.01,
22.383,-172.95,
22.4,-172.92,
22.417,-172.7,
22.433,-172.72,
22.45,-172.6,
22.467,-172.89,
22.483,-173.03,
22.5,-173.3,
22.517,-173.49,
22.533,-173.76,
22.55,-173.94,
22.567,-174.11,
22.583,-174.13,
22.6,-174.19,
22.617,-174.04,
22.633,-173.54,
22.65,-173.07,
22.667,-172.76,
22.683,-172.38,
22.7,-172.57,
22.717,-172.67,
22.733,-172.93,
22.75,-172.77,
22.767,-172.79,
22.783,-172.93,
22.8,-172.75,
22.817,-172.51,
22.833,-172.2,
22.85,-171.56,
22.867,-171.26,
22.883,-170.93,
22.9,-170.7,
22.917,-170.64,
22.933,-170.52,
22.95,-170.54,
22.967,-170.71,
22.983,-170.7,
23,-170.54,
23.017,-170.07,
23.033,-169.86,
23.05,-169.61,
23.067,-169.42,
23.083,-169.38,
23.1,-169.13,
23.117,-168.57,
23.133,-168.11,
23.15,-167.68,
23.167,-167.54,
23.183,-167.51,
23.2,-167.75,
23.217,-167.75,
23.233,-167.6,
23.25,-167.38,
23.267,-167.42,
23.283,-167.46,
23.3,-167.12,
23.317,-166.74,
23.333,-166.41,
23.35,-166.54,
23.367,-166.56,
23.383,-166.44,
23.4,-166.26,
23.417,-165.94,
23.433,-165.83,
23.45,-165.85,
23.467,-165.7,
23.483,-165.56,
23.5,-165.27,
23.517,-165.35,
23.533,-165.3,
23.55,-164.99,
23.567,-164.99,
23.583,-164.87,
23.6,-165,
23.617,-164.79,
23.633,-164.84,
23.65,-164.81,
23.667,-164.83,
23.683,-164.79,
23.7,-164.73,
23.717,-164.87,
23.733,-164.93,
23.75,-164.78,
23.767,-164.66,
23.783,-164.77,
23.8,-164.94,
23.817,-164.89,
23.833,-164.59,
23.85,-164.42,
23.867,-164.36,
23.883,-164.42,
23.9,-164.62,
23.917,-164.68,
23.933,-164.42,
23.95,-164.22,
23.967,-164.02,
23.983,-163.83,
24,-163.88,
24.017,-163.85,
24.033,-163.68,
24.05,-163.52,
24.067,-163.1,
24.083,-162.98,
24.1,-163.21,
24.117,-163.23,
24.133,-163.35,
24.15,-163.48,
24.167,-163.4,
24.183,-163.25,
24.2,-163.2,
24.217,-163.32,
24.233,-163.63,
24.25,-163.75,
24.267,-163.75,
24.283,-163.88,
24.3,-164.06,
24.317,-163.93,
24.333,-164.11,
24.35,-164.01,
24.367,-163.92,
24.383,-164.04,
24.4,-163.88,
24.417,-163.93,
24.433,-163.58,
24.45,-163.34,
24.467,-162.94,
24.483,-162.85,
24.5,-162.91,
24.517,-163.4,
24.533,-163.66,
24.55,-163.94,
24.567,-163.79,
24.583,-163.92,
24.6,-163.9,
24.617,-163.76,
24.633,-163.68,
24.65,-163.36,
24.667,-163.02,
24.683,-163.01,
24.7,-162.99,
24.717,-163.07,
24.733,-163.15,
24.75,-163.23,
24.767,-163.59,
24.783,-163.76,
24.8,-163.72,
24.817,-163.6,
24.833,-163.33,
24.85,-162.8,
24.867,-162.53,
24.883,-162.51,
24.9,-162.66,
24.917,-162.67,
24.933,-162.67,
24.95,-162.64,
24.967,-162.64,
24.983,-162.37,
25,-162.01,
25.017,-161.6,
25.033,-161.37,
25.05,-161.64,
25.067,-161.85,
25.083,-162,
25.1,-161.79,
25.117,-161.53,
25.133,-161.66,
25.15,-161.94,
25.167,-161.77,
25.183,-161.72,
25.2,-161.97,
25.217,-162.25,
25.233,-162.25,
25.25,-162.1,
25.267,-162.05,
25.283,-162.32,
25.3,-162.51,
25.317,-162.62,
25.333,-162.4,
25.35,-162.4,
25.367,-162.77,
25.383,-163.19,
25.4,-163.34,
25.417,-163.59,
25.433,-163.86,
25.45,-163.99,
25.467,-164.12,
25.483,-164.09,
25.5,-164.28,
25.517,-164.7,
25.533,-165.21,
25.55,-165.31,
25.567,-165.58,
25.583,-166.02,
25.6,-166.34,
25.617,-166.6,
25.633,-166.8,
25.65,-166.86,
25.667,-167.07,
25.683,-167.12,
25.7,-167.13,
25.717,-167.55,
25.733,-167.98,
25.75,-168.11,
25.767,-168.38,
25.783,-168.63,
25.8,-168.91,
25.817,-169.01,
25.833,-169.36,
25.85,-169.76,
25.867,-169.92,
25.883,-169.72,
25.9,-169.73,
25.917,-169.72,
25.933,-169.97,
25.95,-169.82,
25.967,-169.75,
25.983,-169.94,
26,-170,
26.017,-170.14,
26.033,-170.16,
26.05,-170.19,
26.067,-170.21,
26.083,-170.18,
26.1,-170.02,
26.117,-169.88,
26.133,-169.78,
26.15,-169.78,
26.167,-169.92,
26.183,-170.04,
26.2,-170.3,
26.217,-170.68,
26.233,-171.04,
26.25,-171.32,
26.267,-171.44,
26.283,-171.57,
26.3,-171.42,
26.317,-171.39,
26.333,-171.25,
26.35,-171.25,
26.367,-171.67,
26.383,-171.93,
26.4,-171.78,
26.417,-171.33,
26.433,-171.02,
26.45,-171.01,
26.467,-171.15,
26.483,-171.56,
26.5,-171.8,
26.517,-171.9,
26.533,-171.78,
26.55,-171.92,
26.567,-172.08,
26.583,-172.09,
26.6,-171.95,
26.617,-171.62,
26.633,-171.44,
26.65,-171.27,
26.667,-171.15,
26.683,-171,
26.7,-170.86,
26.717,-170.97,
26.733,-171.21,
26.75,-171.34,
26.767,-171.46,
26.783,-171.62,
26.8,-171.62,
26.817,-171.64,
26.833,-171.23,
26.85,-171.09,
26.867,-171.24,
26.883,-171.5,
26.9,-171.91,
26.917,-172.31,
26.933,-172.41,
26.95,-172.44,
26.967,-172.58,
26.983,-172.6,
27,-172.62,
27.017,-172.49,
27.033,-172.38,
27.05,-172.28,
27.067,-172.29,
27.083,-172.43,
27.1,-172.58,
27.117,-172.57,
27.133,-172.58,
27.15,-172.72,
27.167,-172.87,
27.183,-172.75,
27.2,-172.22,
27.217,-171.71,
27.233,-171.49,
27.25,-171.4,
27.267,-171.56,
27.283,-171.71,
27.3,-172.11,
27.317,-172.49,
27.333,-172.89,
27.35,-173.3,
27.367,-173.59,
27.383,-173.87,
27.4,-173.89,
27.417,-173.52,
27.433,-173.14,
27.45,-172.89,
27.467,-173.21,
27.483,-173.66,
27.5,-173.95,
27.517,-173.99,
27.533,-173.78,
27.55,-173.64,
27.567,-173.87,
27.583,-174.37,
27.6,-174.91,
27.617,-175.09,
27.633,-174.98,
27.65,-174.98,
27.667,-174.99,
27.683,-175.17,
27.7,-175.35,
27.717,-175.38,
27.733,-175.5,
27.75,-175.63,
27.767,-176.02,
27.783,-176.52,
27.8,-177.06,
27.817,-177.21,
27.833,-176.95,
27.85,-176.58,
27.867,-176.46,
27.883,-176.35,
27.9,-176.12,
27.917,-175.73,
27.933,-175.61,
27.95,-175.6,
27.967,-175.85,
27.983,-175.98,
28,-175.84,
28.017,-175.32,
28.033,-174.93,
28.05,-174.66,
28.067,-174.41,
28.083,-174.02,
28.1,-173.88,
28.117,-173.48,
28.133,-173.37,
28.15,-173.1,
28.167,-172.98,
28.183,-172.86,
28.2,-172.98,
28.217,-172.95,
28.233,-172.8,
28.25,-172.93,
28.267,-172.95,
28.283,-172.59,
28.3,-172.2,
28.317,-171.68,
28.333,-171.42,
28.35,-171.41,
28.367,-171.54,
28.383,-171.77,
28.4,-171.5,
28.417,-171.5,
28.433,-171.37,
28.45,-171.23,
28.467,-171.12,
28.483,-170.89,
28.5,-170.89,
28.517,-170.78,
28.533,-171.04,
28.55,-170.93,
28.567,-171.06,
28.583,-170.95,
28.6,-171.08,
28.617,-170.96,
28.633,-170.72,
28.65,-170.72,
28.667,-170.73,
28.683,-170.86,
28.7,-171.01,
28.717,-170.88,
28.733,-170.77,
28.75,-170.79,
28.767,-170.8,
28.783,-170.93,
28.8,-170.95,
28.817,-170.97,
28.833,-171.13,
28.85,-171.02,
28.867,-171.2,
28.883,-171.35,
28.9,-171.5,
28.917,-171.55,
28.933,-171.84,
28.95,-171.98,
28.967,-171.97,
28.983,-171.98,
29,-171.89,
29.017,-171.67,
29.033,-171.94,
29.05,-172.36,
29.067,-172.24,
29.083,-172.28,
29.1,-172.43,
29.117,-172.68,
29.133,-172.94,
29.15,-172.8,
29.167,-172.68,
29.183,-172.57,
29.2,-172.73,
29.217,-172.76,
29.233,-172.8,
29.25,-172.94,
29.267,-173.09,
29.283,-173.25,
29.3,-173.27,
29.317,-173.03,
29.333,-172.92,
29.35,-172.82,
29.367,-173.12,
29.383,-173.3,
29.4,-173.46,
29.417,-173.21,
29.433,-173.11,
29.45,-172.89,
29.467,-172.64,
29.483,-172.8,
29.5,-172.94,
29.517,-172.68,
29.533,-172.3,
29.55,-171.94,
29.567,-171.87,
29.583,-171.89,
29.6,-171.65,
29.617,-171.26,
29.633,-170.76,
29.65,-170.14,
29.667,-169.8,
29.683,-169.85,
29.7,-170.3,
29.717,-170.73,
29.733,-170.91,
29.75,-171.08,
29.767,-171.24,
29.783,-171.41,
29.8,-171.07,
29.817,-170.59,
29.833,-169.98,
29.85,-169.62,
29.867,-169.67,
29.883,-170.09,
29.9,-170.26,
29.917,-170.15,
29.933,-169.82,
29.95,-169.9,
29.967,-169.97,
29.983,-170.39,
30,-170.66,
30.017,-170.8,
30.033,-170.59,
30.05,-170.27,
30.067,-170.21,
30.083,-170.27,
30.1,-170.05,
30.117,-169.97,
30.133,-169.88,
30.15,-169.94,
30.167,-170.28,
30.183,-170.59,
30.2,-170.89,
30.217,-170.93,
30.233,-170.84,
30.25,-170.5,
30.267,-170.45,
30.283,-170.11,
30.3,-170.02,
30.317,-170.09,
30.333,-170.83,
30.35,-171.42,
30.367,-172.09,
30.383,-172.49,
30.4,-172.56,
30.417,-172.62,
30.433,-172.67,
30.45,-172.56,
30.467,-172.24,
30.483,-172.31,
30.5,-172.52,
30.517,-172.86,
30.533,-172.93,
30.55,-173.15,
30.567,-173.62,
30.583,-174.33,
30.6,-174.87,
30.617,-174.99,
30.633,-174.76,
30.65,-174.38,
30.667,-173.98,
30.683,-173.58,
30.7,-173.22,
30.717,-173.01,
30.733,-172.82,
30.75,-172.46,
30.767,-172.13,
30.783,-172.43,
30.8,-173.01,
30.817,-173.69,
30.833,-173.99,
30.85,-173.91,
30.867,-173.68,
30.883,-173.6,
30.9,-173.78,
30.917,-173.69,
30.933,-173.48,
30.95,-173.25,
30.967,-173.13,
30.983,-173.19,
31,-173.07,
31.017,-173.09,
31.033,-172.69,
31.05,-172.2,
31.067,-171.76,
31.083,-171.42,
31.1,-171.06,
31.117,-170.82,
31.133,-170.77,
31.15,-170.5,
31.167,-170.01,
31.183,-169.4,
31.2,-169.06,
31.217,-168.99,
31.233,-168.9,
31.25,-168.78,
31.267,-168.54,
31.283,-168.16,
31.3,-167.69,
31.317,-167.24,
31.333,-167.01,
31.35,-167.07,
31.367,-166.81,
31.383,-166.35,
31.4,-166,
31.417,-165.61,
31.433,-165.37,
31.45,-165.28,
31.467,-164.94,
31.483,-164.59,
31.5,-164.23,
31.517,-164.11,
31.533,-163.87,
31.55,-163.51,
31.567,-163.15,
31.583,-163.06,
31.6,-162.7,
31.617,-162.45,
31.633,-162.2,
31.65,-161.71,
31.667,-161.63,
31.683,-161.64,
31.7,-161.81,
31.717,-161.71,
31.733,-161.48,
31.75,-161.38,
31.767,-161.63,
31.783,-161.71,
31.8,-161.79,
31.817,-161.83,
31.833,-161.88,
31.85,-161.9,
31.867,-161.91,
31.883,-162.07,
31.9,-162.12,
31.917,-162.13,
31.933,-162.05,
31.95,-161.83,
31.967,-161.63,
31.983,-161.62,
32,-161.96,
32.017,-161.9,
32.033,-161.58,
32.05,-161.23,
32.067,-161.15,
32.083,-161.21,
32.1,-161.45,
32.117,-161.65,
32.133,-161.81,
32.15,-161.95,
32.167,-161.83,
32.183,-161.71,
32.2,-161.64,
32.217,-161.56,
32.233,-161.12,
32.25,-160.94,
32.267,-161.25,
32.283,-161.29,
32.3,-161.41,
32.317,-161.31,
32.333,-161.15,
32.35,-161.12,
32.367,-161.47,
32.383,-161.93,
32.4,-162.24,
32.417,-162.4,
32.433,-162.2,
32.45,-162.01,
32.467,-161.8,
32.483,-161.93,
32.5,-162.07,
32.517,-162.44,
32.533,-162.67,
32.55,-162.78,
32.567,-162.78,
32.583,-162.74,
32.6,-162.44,
32.617,-162.3,
32.633,-162.14,
32.65,-161.94,
32.667,-162,
32.683,-161.94,
32.7,-161.93,
32.717,-162.05,
32.733,-162.14,
32.75,-162.33,
32.767,-162.53,
32.783,-162.73,
32.8,-162.53,
32.817,-162.22,
32.833,-161.79,
32.85,-161.63,
32.867,-161.56,
32.883,-161.4,
32.9,-161.28,
32.917,-161.41,
32.933,-161.37,
32.95,-161.56,
32.967,-161.59,
32.983,-161.75,
33,-161.66,
33.017,-161.35,
33.033,-161.23,
33.05,-161.25,
33.067,-161.37,
33.083,-161.2,
33.1,-161.15,
33.117,-161.41,
33.133,-161.59,
33.15,-161.83,
33.167,-161.91,
33.183,-162.26,
33.2,-162.26,
33.217,-162.43,
33.233,-162.34,
33.25,-162.42,
33.267,-162.38,
33.283,-162.25,
33.3,-162,
33.317,-162.06,
33.333,-162.17,
33.35,-162.3,
33.367,-162.69,
33.383,-162.77,
33.4,-163.08,
33.417,-163.08,
33.433,-162.88,
33.45,-162.61,
33.467,-162.56,
33.483,-162.51,
33.5,-162.68,
33.517,-162.92,
33.533,-162.96,
33.55,-162.87,
33.567,-162.84,
33.583,-162.7,
33.6,-162.92,
33.617,-163.38,
33.633,-163.34,
33.65,-163.26,
33.667,-162.95,
33.683,-163.05,
33.7,-163.08,
33.717,-163.25,
33.733,-163.38,
33.75,-163.46,
33.767,-163.61,
33.783,-163.83,
33.8,-163.93,
33.817,-163.93,
33.833,-164.03,
33.85,-164.07,
33.867,-163.93,
33.883,-164.01,
33.9,-164.01,
33.917,-164.11,
33.933,-164.31,
33.95,-164.36,
33.967,-164.36,
33.983,-164.65,
34,-164.78,
34.017,-164.89,
34.033,-165.19,
34.05,-165.36,
34.067,-165.53,
34.083,-165.63,
34.1,-167.28,
34.117,-178.77,
34.133,-202.3,
34.15,-227.21,
34.167,-240.95,
34.183,-244.89,
34.2,-246.28,
34.217,-249.26,
34.233,-253.97,
34.25,-258.82,
34.267,-263.58,
34.283,-268.45,
34.3,-273.96,
34.317,-280.14,
34.333,-286.33,
34.35,-292.75,
34.367,-298.91,
34.383,-304.96,
34.4,-310.9,
34.417,-316.79,
34.433,-322.39,
34.45,-326.7,
34.467,-330.14,
34.483,-332.89,
34.5,-335.27,
34.517,-336.7,
34.533,-337.63,
34.55,-337.61,
34.567,-337.1,
34.583,-335.71,
34.6,-333.38,
34.617,-323.71,
34.633,-301.96,
34.65,-275.13,
34.667,-256.02,
34.683,-247.28,
34.7,-242.19,
34.717,-235.59,
34.733,-226.92,
34.75,-217.68,
34.767,-208.31,
34.783,-198.9,
34.8,-188.84,
34.817,-178.4,
34.833,-167.7,
34.85,-156.93,
34.867,-145.93,
34.883,-135.07,
34.9,-124.3,
34.917,-113.73,
34.933,-103.71,
34.95,-94.141,
34.967,-85.416,
34.983,-77.249,
35,-69.325,
35.017,-61.986,
35.033,-55.44,
35.05,-49.711,
35.067,-44.597,
35.083,-39.928,
35.1,-36.117,
35.117,-33.209,
35.133,-31.115,
35.15,-29.477,
35.167,-28.082,
35.183,-27.093,
35.2,-26.652,
35.217,-26.786,
35.233,-27.187,
35.25,-28.098,
35.267,-29.775,
35.283,-32.04,
35.3,-34.971,
35.317,-38.213,
35.333,-41.85,
35.35,-45.631,
35.367,-49.911,
35.383,-54.68,
35.4,-59.66,
35.417,-64.508,
35.433,-69.37,
35.45,-74.5,
35.467,-80.329,
35.483,-86.319,
35.5,-92.261,
35.517,-98.473,
35.533,-104.97,
35.55,-111.77,
35.567,-118.47,
35.583,-124.92,
35.6,-131.12,
35.617,-137.66,
35.633,-143.78,
35.65,-149.44,
35.667,-154.77,
35.683,-159.99,
35.7,-165.21,
35.717,-170.55,
35.733,-176.13,
35.75,-181.7,
35.767,-187.15,
35.783,-191.76,
35.8,-195.47,
35.817,-198.88,
35.833,-202.35,
35.85,-205.81,
35.867,-208.85,
35.883,-211.4,
35.9,-213.86,
35.917,-215.77,
35.933,-217.48,
35.95,-219,
35.967,-220.64,
35.983,-221.65,
36,-222.43,
36.017,-222.45,
36.033,-222.41,
36.05,-222.4,
36.067,-222.29,
36.083,-222.2,
36.1,-221.37,
36.117,-219.98,
36.133,-218.57,
36.15,-217.31,
36.167,-216,
36.183,-214.59,
36.2,-213.17,
36.217,-211.16,
36.233,-208.63,
36.25,-205.87,
36.267,-203.24,
36.283,-200.36,
36.3,-197.12,
36.317,-193.42,
36.333,-189.61,
36.35,-185.84,
36.367,-181.99,
36.383,-177.99,
36.4,-174.07,
36.417,-170.21,
36.433,-166.15,
36.45,-161.93,
36.467,-157.57,
36.483,-153.4,
36.5,-149.55,
36.517,-145.5,
36.533,-141.18,
36.55,-136.95,
36.567,-133.26,
36.583,-130.11,
36.6,-127.06,
36.617,-123.87,
36.633,-120.65,
36.65,-117.64,
36.667,-115.2,
36.683,-113.56,
36.7,-111.78,
36.717,-110.12,
36.733,-108.65,
36.75,-107.64,
36.767,-106.94,
36.783,-106.44,
36.8,-106.55,
36.817,-107.08,
36.833,-107.9,
36.85,-108.72,
36.867,-109.79,
36.883,-111.02,
36.9,-112.86,
36.917,-114.66,
36.933,-116.71,
36.95,-118.74,
36.967,-121.04,
36.983,-123.35,
37,-126.14,
37.017,-129.17,
37.033,-132.78,
37.05,-136.31,
37.067,-139.82,
37.083,-143.15,
37.1,-146.33,
37.117,-149.71,
37.133,-153.27,
37.15,-156.65,
37.167,-159.82,
37.183,-162.78,
37.2,-165.49,
37.217,-168.35,
37.233,-170.71,
37.25,-172.71,
37.267,-174.67,
37.283,-176.92,
37.3,-179.32,
37.317,-181.6,
37.333,-183.44,
37.35,-185,
37.367,-186.25,
37.383,-187.32,
37.4,-188.21,
37.417,-189.37,
37.433,-190.29,
37.45,-191.02,
37.467,-191.56,
37.483,-191.91,
37.5,-192.2,
37.517,-192.01,
37.533,-191.69,
37.55,-191.3,
37.567,-191.24,
37.583,-190.96,
37.6,-190.39,
37.617,-189.52,
37.633,-188.31,
37.65,-186.84,
37.667,-185.43,
37.683,-184.04,
37.7,-183.31,
37.717,-182.41,
37.733,-181.36,
37.75,-179.92,
37.767,-178.29,
37.783,-176.76,
37.8,-175.08,
37.817,-173.5,
37.833,-171.78,
37.85,-170.02,
37.867,-168.23,
37.883,-166.85,
37.9,-165.52,
37.917,-164.23,
37.933,-162.56,
37.95,-160.85,
37.967,-159.22,
37.983,-157.82,
38,-156.35,
38.017,-154.72,
38.033,-153.01,
38.05,-151.5,
38.067,-150.23,
38.083,-148.99,
38.1,-147.77,
38.117,-146.94,
38.133,-146.19,
38.15,-145.51,
38.167,-144.49,
38.183,-143.35,
38.2,-142.36,
38.217,-141.93,
38.233,-141.55,
38.25,-141.48,
38.267,-141.32,
38.283,-140.97,
38.3,-140.6,
38.317,-140.2,
38.333,-140.28,
38.35,-140.76,
38.367,-141.3,
38.383,-141.65,
38.4,-142.03,
38.417,-142.22,
38.433,-142.38,
38.45,-142.73,
38.467,-143.37,
38.483,-144.35,
38.5,-145.27,
38.517,-146.26,
38.533,-147.05,
38.55,-147.98,
38.567,-149.31,
38.583,-150.68,
38.6,-152.24,
38.617,-153.44,
38.633,-154.82,
38.65,-155.82,
38.667,-157.01,
38.683,-158.18,
38.7,-159.18,
38.717,-160.28,
38.733,-161.06,
38.75,-161.81,
38.767,-162.76,
38.783,-164.01,
38.8,-165.31,
38.817,-166.46,
38.833,-167.49,
38.85,-168.38,
38.867,-169.09,
38.883,-169.61,
38.9,-170.31,
38.917,-171.02,
38.933,-171.75,
38.95,-172.29,
38.967,-172.75,
38.983,-172.95,
39,-172.98,
39.017,-173.03,
39.033,-173.46,
39.05,-173.66,
39.067,-173.78,
39.083,-173.82,
39.1,-174.06,
39.117,-173.91,
39.133,-173.48,
39.15,-172.99,
39.167,-172.62,
39.183,-172.35,
39.2,-172.22,
39.217,-172.14,
39.233,-171.71,
39.25,-170.99,
39.267,-170.24,
39.283,-169.11,
39.3,-168.14,
39.317,-167.25,
39.333,-166.33,
39.35,-165.45,
39.367,-164.79,
39.383,-164.22,
39.4,-163.52,
39.417,-162.64,
39.433,-161.6,
39.45,-160.78,
39.467,-160.14,
39.483,-159.49,
39.5,-158.83,
39.517,-158.14,
39.533,-157.44,
39.55,-156.71,
39.567,-156.16,
39.583,-155.38,
39.6,-154.56,
39.617,-153.79,
39.633,-153.09,
39.65,-152.67,
39.667,-152.2,
39.683,-151.63,
39.7,-151.05,
39.717,-150.65,
39.733,-150.3,
39.75,-149.59,
39.767,-148.88,
39.783,-148.31,
39.8,-148.16,
39.817,-147.65,
39.833,-146.96,
39.85,-146.28,
39.867,-145.95,
39.883,-146.06,
39.9,-145.95,
39.917,-146.03,
39.933,-145.88,
39.95,-145.75,
39.967,-145.65,
39.983,-145.37,
40,-144.94,
40.017,-144.34,
40.033,-143.94,
40.05,-143.5,
40.067,-143.24,
40.083,-143.18,
40.1,-143.34,
40.117,-143.49,
40.133,-143.64,
40.15,-143.62,
40.167,-143.82,
40.183,-144.01,
40.2,-143.97,
40.217,-143.8,
40.233,-143.7,
40.25,-143.44,
40.267,-143.04,
40.283,-142.9,
40.3,-143.07,
40.317,-143.59,
40.333,-144.03,
40.35,-144.33,
40.367,-144.6,
40.383,-144.71,
40.4,-144.49,
40.417,-144.26,
40.433,-144.05,
40.45,-144.03,
40.467,-144.04,
40.483,-143.83,
40.5,-143.96,
40.517,-144.07,
40.533,-144.61,
40.55,-145.19,
40.567,-145.77,
40.583,-146.13,
40.6,-146.31,
40.617,-146.53,
40.633,-146.77,
40.65,-147.07,
40.667,-147.36,
40.683,-147.67,
40.7,-147.96,
40.717,-148.22,
40.733,-148.65,
40.75,-149.27,
40.767,-149.97,
40.783,-150.46,
40.8,-150.79,
40.817,-151.11,
40.833,-151.06,
40.85,-151.02,
40.867,-150.98,
40.883,-151.2,
40.9,-151.76,
40.917,-152.32,
40.933,-152.88,
40.95,-153.4,
40.967,-154.32,
40.983,-155.04,
41,-155.61,
41.017,-155.97,
41.033,-156.19,
41.05,-156.45,
41.067,-156.67,
41.083,-156.87,
41.1,-157.23,
41.117,-157.4,
41.133,-157.63,
41.15,-158.07,
41.167,-158.52,
41.183,-158.92,
41.2,-159.36,
41.217,-159.79,
41.233,-159.83,
41.25,-159.95,
41.267,-160.29,
41.283,-160.48,
41.3,-160.77,
41.317,-161.05,
41.333,-161.28,
41.35,-161.67,
41.367,-162.19,
41.383,-162.77,
41.4,-163.15,
41.417,-163.42,
41.433,-163.3,
41.45,-163.34,
41.467,-163.49,
41.483,-163.99,
41.5,-164.32,
41.517,-164.65,
41.533,-164.84,
41.55,-165.05,
41.567,-165.45,
41.583,-165.81,
41.6,-166.1,
41.617,-166.36,
41.633,-166.69,
41.65,-166.84,
41.667,-167.2,
41.683,-167.11,
41.7,-167.01,
41.717,-166.74,
41.733,-166.5,
41.75,-166.64,
41.767,-166.58,
41.783,-166.72,
41.8,-166.64,
41.817,-166.71,
41.833,-166.59,
41.85,-166.47,
41.867,-166.14,
41.883,-165.99,
41.9,-165.69,
41.917,-165.42,
41.933,-164.92,
41.95,-164.56,
41.967,-164.39,
41.983,-164.38,
42,-164.22,
42.017,-163.86,
42.033,-163.45,
42.05,-163.08,
42.067,-163.11,
42.083,-163.14,
42.1,-163.09,
42.117,-163.06,
42.133,-162.85,
42.15,-162.85,
42.167,-162.8,
42.183,-162.97,
42.2,-162.93,
42.217,-163.07,
42.233,-163.05,
42.25,-162.6,
42.267,-162.57,
42.283,-162.72,
42.3,-162.91,
42.317,-162.86,
42.333,-162.81,
42.35,-162.93,
42.367,-162.87,
42.383,-163.05,
42.4,-162.86,
42.417,-162.66,
42.433,-162.24,
42.45,-162.01,
42.467,-161.78,
42.483,-161.96,
42.5,-162.28,
42.517,-162.25,
42.533,-162.34,
42.55,-162.43,
42.567,-162.56,
42.583,-162.56,
42.6,-162.17,
42.617,-161.88,
42.633,-161.79,
42.65,-161.7,
42.667,-161.48,
42.683,-161.51,
42.7,-161.69,
42.717,-162.06,
42.733,-162.01,
42.75,-161.93,
42.767,-161.88,
42.783,-161.89,
42.8,-161.67,
42.817,-161.76,
42.833,-161.66,
42.85,-161.84,
42.867,-162.04,
42.883,-162.04,
42.9,-162.24,
42.917,-162.12,
42.933,-162,
42.95,-161.98,
42.967,-162.14,
42.983,-161.98,
43,-161.6,
43.017,-161.36,
43.033,-161.35,
43.05,-161.19,
43.067,-161.22,
43.083,-161.42,
43.1,-161.64,
43.117,-161.74,
43.133,-161.66,
43.15,-161.53,
43.167,-161.44,
43.183,-161.51,
43.2,-161.72,
43.217,-161.87,
43.233,-162.31,
43.25,-162.27,
43.267,-161.85,
43.283,-161.55,
43.3,-161.58,
43.317,-161.8,
43.333,-162.09,
43.35,-162.37,
43.367,-162.71,
43.383,-162.9,
43.4,-162.92,
43.417,-163.12,
43.433,-162.87,
43.45,-162.57,
43.467,-162.27,
43.483,-162.02,
43.5,-161.89,
43.517,-161.92,
43.533,-162.1,
43.55,-162.64,
43.567,-163.17,
43.583,-163.6,
43.6,-163.55,
43.617,-163.32,
43.633,-162.7,
43.65,-162.73,
43.667,-163.01,
43.683,-163.44,
43.7,-163.6,
43.717,-163.6,
43.733,-163.38,
43.75,-163.41,
43.767,-163.91,
43.783,-164.28,
43.8,-164.72,
43.817,-164.86,
43.833,-164.9,
43.85,-164.93,
43.867,-165.2,
43.883,-165.31,
43.9,-165.39,
43.917,-165.21,
43.933,-165.07,
43.95,-164.99,
43.967,-165.27,
43.983,-165.39,
44,-165.46,
44.017,-165.13,
44.033,-165.17,
44.05,-165.31,
44.067,-165.66,
44.083,-166.03,
44.1,-166.35,
44.117,-166.3,
44.133,-166.26,
44.15,-165.95,
44.167,-166.02,
44.183,-166.18,
44.2,-166.73,
44.217,-167.14,
44.233,-167.34,
44.25,-167.65,
44.267,-168.01,
44.283,-168.18,
44.3,-168.57,
44.317,-168.79,
44.333,-168.84,
44.35,-168.53,
44.367,-168.2,
44.383,-167.79,
44.4,-168.08,
44.417,-168.42,
44.433,-168.68,
44.45,-168.75,
44.467,-168.72,
44.483,-168.7,
44.5,-169.03,
44.517,-169.38,
44.533,-169.55,
44.55,-169.66,
44.567,-169.63,
44.583,-169.32,
44.6,-169.25,
44.617,-169.3,
44.633,-169.33,
44.65,-169.13,
44.667,-168.93,
44.683,-168.94,
44.7,-169.09,
44.717,-168.76,
44.733,-168.29,
44.75,-168,
44.767,-167.76,
44.783,-167.7,
44.8,-167.15,
44.817,-166.82,
44.833,-166.96,
44.85,-167.18,
44.867,-167.22,
44.883,-167.08,
44.9,-167.01,
44.917,-167,
44.933,-166.95,
44.95,-166.8,
44.967,-166.55,
44.983,-166.72,
45,-167.13,
45.017,-167.31,
45.033,-166.88,
45.05,-166.32,
45.067,-166.13,
45.083,-166.28,
45.1,-166.67,
45.117,-166.96,
45.133,-167.09,
45.15,-167.05,
45.167,-167,
45.183,-166.77,
45.2,-166.33,
45.217,-166.17,
45.233,-166.16,
45.25,-166.35,
45.267,-166.62,
45.283,-166.78,
45.3,-166.97,
45.317,-167.01,
45.333,-167.01,
45.35,-167.19,
45.367,-167.45,
45.383,-167.88,
45.4,-168.05,
45.417,-167.77,
45.433,-167.32,
45.45,-167.06,
45.467,-166.89,
45.483,-166.73,
45.5,-166.44,
45.517,-165.93,
45.533,-165.69,
45.55,-165.41,
45.567,-165.49,
45.583,-165.81,
45.6,-166.02,
45.617,-165.94,
45.633,-165.9,
45.65,-165.63,
45.667,-165.43,
45.683,-165.24,
45.7,-165.41,
45.717,-165.7,
45.733,-165.87,
45.75,-166.09,
45.767,-166.2,
45.783,-166.68,
45.8,-166.97,
45.817,-166.89,
45.833,-166.47,
45.85,-165.81,
45.867,-165.53,
45.883,-165.61,
45.9,-166.22,
45.917,-166.63,
45.933,-166.83,
45.95,-166.87,
45.967,-166.97,
45.983,-167.39,
46,-167.66,
46.017,-167.55,
46.033,-167.29,
46.05,-166.96,
46.067,-166.82,
46.083,-166.84,
46.1,-166.82,
46.117,-167.03,
46.133,-167.11,
46.15,-167.44,
46.167,-167.53,
46.183,-167.64,
46.2,-167.44,
46.217,-167.48,
46.233,-167.36,
46.25,-167.21,
46.267,-166.74,
46.283,-166.45,
46.3,-166.07,
46.317,-165.76,
46.333,-165.68,
46.35,-165.72,
46.367,-166.05,
46.383,-166.37,
46.4,-166.4,
46.417,-166.51,
46.433,-166.25,
46.45,-165.95,
46.467,-165.72,
46.483,-165.48,
46.5,-165.32,
46.517,-165.39,
46.533,-165.45,
46.55,-165.46,
46.567,-165.54,
46.583,-165.42,
46.6,-165.36,
46.617,-165.3,
46.633,-165.3,
46.65,-165.19,
46.667,-165.11,
46.683,-165.19,
46.7,-165.13,
46.717,-164.97,
46.733,-164.55,
46.75,-164.62,
46.767,-165.06,
46.783,-165.1,
46.8,-165.12,
46.817,-165.19,
46.833,-165.27,
46.85,-165.34,
46.867,-165.76,
46.883,-166.24,
46.9,-166.54,
46.917,-166.78,
46.933,-166.85,
46.95,-166.7,
46.967,-166.76,
46.983,-166.97,
47,-167.1,
47.017,-167.17,
47.033,-167.09,
47.05,-167.08,
47.067,-167.13,
47.083,-167.25,
47.1,-167.31,
47.117,-167.43,
47.133,-167.3,
47.15,-167.24,
47.167,-167.42,
47.183,-167.27,
47.2,-167.12,
47.217,-167.13,
47.233,-167.37,
47.25,-167.61,
47.267,-167.94,
47.283,-168.09,
47.3,-168.49,
47.317,-168.93,
47.333,-169.32,
47.35,-169.55,
47.367,-169.78,
47.383,-170.16,
47.4,-170.38,
47.417,-170.34,
47.433,-170.23,
47.45,-170.49,
47.467,-170.72,
47.483,-171.03,
47.5,-171.3,
47.517,-171.39,
47.533,-171.5,
47.55,-171.47,
47.567,-171.69,
47.583,-171.73,
47.6,-171.38,
47.617,-171.03,
47.633,-170.91,
47.65,-170.89,
47.667,-171.09,
47.683,-171.21,
47.7,-171.34,
47.717,-171.44,
47.733,-171.45,
47.75,-171.45,
47.767,-171.1,
47.783,-171,
47.8,-170.73,
47.817,-170.43,
47.833,-170.23,
47.85,-169.96,
47.867,-169.69,
47.883,-169.73,
47.9,-169.74,
47.917,-169.78,
47.933,-169.8,
47.95,-169.49,
47.967,-169.16,
47.983,-168.39,
48,-167.96,
48.017,-167.89,
48.033,-167.93,
48.05,-167.96,
48.067,-167.75,
48.083,-167.53,
48.1,-167.32,
48.117,-166.95,
48.133,-166.78,
48.15,-166.69,
48.167,-167.07,
48.183,-167.19,
48.2,-167.32,
48.217,-167.05,
48.233,-166.94,
48.25,-166.59,
48.267,-166.08,
48.283,-165.92,
48.3,-165.89,
48.317,-166.09,
48.333,-166.13,
48.35,-166.26,
48.367,-166.29,
48.383,-166.51,
48.4,-166.6,
48.417,-166.23,
48.433,-165.44,
48.45,-164.76,
48.467,-164.42,
48.483,-164.2,
48.5,-164.24,
48.517,-164.29,
48.533,-164.26,
48.55,-164.39,
48.567,-164.36,
48.583,-164.2,
48.6,-163.87,
48.617,-163.85,
48.633,-164.17,
48.65,-164.39,
48.667,-164.36,
48.683,-164.08,
48.7,-163.67,
48.717,-163.34,
48.733,-162.95,
48.75,-163.11,
48.767,-163.6,
48.783,-164.23,
48.8,-164.53,
48.817,-164.52,
48.833,-164.36,
48.85,-163.96,
48.867,-163.97,
48.883,-164.05,
48.9,-163.97,
48.917,-163.83,
48.933,-163.43,
48.95,-163.43,
48.967,-163.57,
48.983,-163.97,
49,-164.3,
49.017,-164.47,
49.033,-164.06,
49.05,-163.6,
49.067,-163.12,
49.083,-163.29,
49.1,-163.79,
49.117,-164.12,
49.133,-163.89,
49.15,-163.5,
49.167,-163.2,
49.183,-163.29,
49.2,-163.49,
49.217,-163.49,
49.233,-163.39,
49.25,-163.54,
49.267,-163.94,
49.283,-163.92,
49.3,-163.7,
49.317,-163.29,
49.333,-163.17,
49.35,-162.95,
49.367,-162.55,
49.383,-162.16,
49.4,-161.99,
49.417,-162.17,
49.433,-162.11,
49.45,-162.04,
49.467,-161.74,
49.483,-161.58,
49.5,-161.68,
49.517,-161.78,
49.533,-161.74,
49.55,-161.71,
49.567,-161.46,
49.583,-161.46,
49.6,-161.35,
49.617,-161.22,
49.633,-161.15,
49.65,-161.27,
49.667,-161.3,
49.683,-161.48,
49.7,-161.68,
49.717,-161.86,
49.733,-161.96,
49.75,-162.05,
49.767,-162.34,
49.783,-162.54,
49.8,-162.85,
49.817,-163.25,
49.833,-163.31,
49.85,-163.31,
49.867,-163.3,
49.883,-163.32,
49.9,-163.54,
49.917,-163.77,
49.933,-164.28,
49.95,-164.69,
49.967,-164.92,
49.983,-165.05,
50,-165.19,
50.017,-165.14,
50.033,-165.16,
50.05,-165.16,
50.067,-165.09,
50.083,-165.24,
50.1,-165.56,
50.117,-166.09,
50.133,-166.65,
50.15,-166.99,
50.167,-167.25,
50.183,-167.06,
50.2,-166.83,
50.217,-166.57,
50.233,-166.56,
50.25,-166.93,
50.267,-167.43,
50.283,-167.98,
50.3,-168.36,
50.317,-168.79,
50.333,-168.88,
50.35,-169.1,
50.367,-169.39,
50.383,-169.57,
50.4,-169.76,
50.417,-169.73,
50.433,-169.66,
50.45,-169.48,
50.467,-169.63,
50.483,-169.74,
50.5,-170.13,
50.517,-170.45,
50.533,-170.67,
50.55,-170.67,
50.567,-170.84,
50.583,-171.02,
50.6,-171.16,
50.617,-171.23,
50.633,-171.1,
50.65,-171.03,
50.667,-170.89,
50.683,-170.88,
50.7,-170.96,
50.717,-171.1,
50.733,-171.14,
50.75,-171.59,
50.767,-171.93,
50.783,-172.3,
50.8,-172.53,
50.817,-172.71,
50.833,-172.43,
50.85,-172.28,
50.867,-171.95,
50.883,-171.52,
50.9,-171.25,
50.917,-171.32,
50.933,-171.53,
50.95,-171.62,
50.967,-171.68,
50.983,-171.48,
51,-171.26,
51.017,-171.02,
51.033,-170.89,
51.05,-170.59,
51.067,-170.2,
51.083,-169.96,
51.1,-169.88,
51.117,-169.75,
51.133,-170.04,
51.15,-170.16,
51.167,-170.45,
51.183,-170.32,
51.2,-170.32,
51.217,-170.08,
51.233,-169.81,
51.25,-169.53,
51.267,-169.31,
51.283,-169.13,
51.3,-169.24,
51.317,-169.47,
51.333,-169.87,
51.35,-170.22,
51.367,-170.31,
51.383,-170.27,
51.4,-170.28,
51.417,-170.02,
51.433,-169.89,
51.45,-169.63,
51.467,-169.38,
51.483,-168.99,
51.5,-168.7,
51.517,-168.68,
51.533,-168.7,
51.55,-168.99,
51.567,-169.39,
51.583,-169.65,
51.6,-169.9,
51.617,-169.87,
51.633,-169.75,
51.65,-169.4,
51.667,-169.38,
51.683,-169.6,
51.7,-169.82,
51.717,-169.98,
51.733,-170.17,
51.75,-170.45,
51.767,-170.37,
51.783,-170.38,
51.8,-170.66,
51.817,-170.83,
51.833,-170.89,
51.85,-171.07,
51.867,-171.13,
51.883,-171.03,
51.9,-170.94,
51.917,-171.02,
51.933,-171.11,
51.95,-171.41,
51.967,-171.41,
51.983,-171.53,
52,-171.67,
52.017,-171.83,
52.033,-171.84,
52.05,-171.71,
52.067,-171.71,
52.083,-171.76,
52.1,-171.79,
52.117,-171.84,
52.133,-171.75,
52.15,-171.35,
52.167,-171.1,
52.183,-171,
52.2,-171.21,
52.217,-171.64,
52.233,-171.69,
52.25,-171.62,
52.267,-171.76,
52.283,-171.65,
52.3,-171.55,
52.317,-171.5,
52.333,-171.17,
52.35,-170.95,
52.367,-170.86,
52.383,-170.91,
52.4,-171.09,
52.417,-171,
52.433,-170.9,
52.45,-170.83,
52.467,-170.74,
52.483,-170.65,
52.5,-170.56,
52.517,-170.49,
52.533,-170.53,
52.55,-170.43,
52.567,-170.06,
52.583,-169.84,
52.6,-169.75,
52.617,-169.79,
52.633,-169.6,
52.65,-169.11,
52.667,-168.9,
52.683,-168.91,
52.7,-168.92,
52.717,-168.82,
52.733,-168.75,
52.75,-168.68,
52.767,-168.74,
52.783,-168.78,
52.8,-168.94,
52.817,-168.71,
52.833,-168.23,
52.85,-168.17,
52.867,-168.08,
52.883,-167.98,
52.9,-168.14,
52.917,-168.17,
52.933,-167.92,
52.95,-167.8,
52.967,-167.58,
52.983,-167.21,
53,-166.97,
53.017,-166.46,
53.033,-166.12,
53.05,-165.79,
53.067,-165.85,
53.083,-166.03,
53.1,-166.32,
53.117,-166.49,
53.133,-166.25,
53.15,-166.16,
53.167,-166.2,
53.183,-166.52,
53.2,-166.57,
53.217,-166.49,
53.233,-166.27,
53.25,-166.04,
53.267,-165.97,
53.283,-166,
53.3,-166.17,
53.317,-166.47,
53.333,-166.62,
53.35,-166.52,
53.367,-166.28,
53.383,-165.93,
53.4,-165.58,
53.417,-165.34,
53.433,-165,
53.45,-164.91,
53.467,-164.95,
53.483,-165,
53.5,-165.04,
53.517,-165.33,
53.533,-165.63,
53.55,-166.05,
53.567,-166.5,
53.583,-166.67,
53.6,-166.6,
53.617,-166.51,
53.633,-166.56,
53.65,-166.5,
53.667,-166.29,
53.683,-166.36,
53.7,-166.81,
53.717,-167.26,
53.733,-167.71,
53.75,-168.41,
53.767,-168.71,
53.783,-168.86,
53.8,-169.04,
53.817,-168.97,
53.833,-168.89,
53.85,-168.82,
53.867,-169.27,
53.883,-169.58,
53.9,-169.75,
53.917,-169.65,
53.933,-169.58,
53.95,-169.45,
53.967,-169.49,
53.983,-169.78,
54,-170.2,
54.017,-170.51,
54.033,-170.42,
54.05,-170.48,
54.067,-170.54,
54.083,-170.59,
54.1,-170.65,
54.117,-170.43,
54.133,-170.23,
54.15,-170.28,
54.167,-170.33,
54.183,-170.79,
54.2,-171.11,
54.217,-171.17,
54.233,-171.5,
54.25,-171.42,
54.267,-171.35,
54.283,-171.26,
54.3,-171.2,
54.317,-171.14,
54.333,-170.92,
54.35,-170.85,
54.367,-171.04,
54.383,-171.23,
54.4,-171.56,
54.417,-171.48,
54.433,-171.53,
54.45,-171.58,
54.467,-171.22,
54.483,-171.01,
54.5,-170.93,
54.517,-170.88,
54.533,-170.94,
54.55,-171.01,
54.567,-170.94,
54.583,-171,
54.6,-171.06,
54.617,-171.1,
54.633,-171.26,
54.65,-171.57,
54.667,-171.88,
54.683,-171.95,
54.7,-171.77,
54.717,-171.59,
54.733,-171.37,
54.75,-171.15,
54.767,-171.17,
54.783,-171.08,
54.8,-171.15,
54.817,-171.33,
54.833,-171.25,
54.85,-171.29,
54.867,-171.2,
54.883,-171.12,
54.9,-171.16,
54.917,-171.05,
54.933,-170.97,
54.95,-170.62,
54.967,-170.15,
54.983,-169.93,
55,-169.87,
55.017,-169.91,
55.033,-169.81,
55.05,-169.86,
55.067,-170.04,
55.083,-170.09,
55.1,-170.15,
55.117,-170.3,
55.133,-170.75,
55.15,-171.1,
55.167,-170.9,
55.183,-170.58,
55.2,-170.22,
55.217,-170,
55.233,-169.99,
55.25,-170.26,
55.267,-170.45,
55.283,-170.52,
55.3,-170.73,
55.317,-170.78,
55.333,-170.83,
55.35,-170.86,
55.367,-170.89,
55.383,-171.06,
55.4,-171.01,
55.417,-170.84,
55.433,-170.76,
55.45,-170.53,
55.467,-170.56,
55.483,-170.59,
55.5,-170.89,
55.517,-171.21,
55.533,-171.67,
55.55,-171.9,
55.567,-172.1,
55.583,-172.03,
55.6,-171.82,
55.617,-171.63,
55.633,-171.44,
55.65,-171.52,
55.667,-171.58,
55.683,-171.64,
55.7,-171.94,
55.717,-172.51,
55.733,-172.86,
55.75,-172.85,
55.767,-172.82,
55.783,-172.59,
55.8,-172.6,
55.817,-172.54,
55.833,-172.39,
55.85,-172.19,
55.867,-172.13,
55.883,-172.19,
55.9,-172.33,
55.917,-172.52,
55.933,-172.56,
55.95,-172.74,
55.967,-172.81,
55.983,-172.83,
56,-172.73,
56.017,-172.66,
56.033,-172.29,
56.05,-172.01,
56.067,-171.73,
56.083,-171.7,
56.1,-171.76,
56.117,-171.93,
56.133,-171.83,
56.15,-171.87,
56.167,-172.28,
56.183,-172.7,
56.2,-172.86,
56.217,-172.7,
56.233,-172.28,
56.25,-172.04,
56.267,-171.93,
56.283,-172.22,
56.3,-172.35,
56.317,-172.36,
56.333,-172.63,
56.35,-172.96,
56.367,-173.04,
56.383,-173.09,
56.4,-172.84,
56.417,-172.66,
56.433,-172.4,
56.45,-171.94,
56.467,-171.61,
56.483,-171.25,
56.5,-171.04,
56.517,-170.7,
56.533,-170.47,
56.55,-170.25,
56.567,-170.06,
56.583,-170.11,
56.6,-169.84,
56.617,-169.71,
56.633,-169.7,
56.65,-169.58,
56.667,-169.32,
56.683,-169,
56.7,-168.95,
56.717,-168.98,
56.733,-169.04,
56.75,-169.05,
56.767,-169.09,
56.783,-169.29,
56.8,-169.41,
56.817,-169.22,
56.833,-168.93,
56.85,-168.88,
56.867,-169.04,
56.883,-168.84,
56.9,-168.9,
56.917,-168.69,
56.933,-168.64,
56.95,-168.52,
56.967,-168.69,
56.983,-168.77,
57,-168.83,
57.017,-168.93,
57.033,-168.73,
57.05,-168.42,
57.067,-167.95,
57.083,-167.84,
57.1,-167.64,
57.117,-167.39,
57.133,-167.21,
57.15,-167.1,
57.167,-167.25,
57.183,-167.24,
57.2,-167.39,
57.217,-167.56,
57.233,-167.65,
57.25,-167.59,
57.267,-167.47,
57.283,-167.36,
57.3,-167.67,
57.317,-167.76,
57.333,-167.77,
57.35,-167.47,
57.367,-167.46,
57.383,-167.61,
57.4,-167.64,
57.417,-167.77,
57.433,-167.66,
57.45,-167.77,
57.467,-167.95,
57.483,-167.87,
57.5,-167.89,
57.517,-167.92,
57.533,-167.79,
57.55,-167.5,
57.567,-167.53,
57.583,-167.63,
57.6,-167.66,
57.617,-167.54,
57.633,-167.31,
57.65,-167.18,
57.667,-167.31,
57.683,-167.44,
57.7,-167.59,
57.717,-167.87,
57.733,-167.64,
57.75,-167.53,
57.767,-167.48,
57.783,-167.41,
57.8,-167.29,
57.817,-167.16,
57.833,-166.84,
57.85,-166.57,
57.867,-166.7,
57.883,-166.93,
57.9,-166.99,
57.917,-166.95,
57.933,-166.49,
57.95,-166.24,
57.967,-166.27,
57.983,-166.03,
58,-165.8,
58.017,-165.32,
58.033,-164.94,
58.05,-164.55,
58.067,-164.61,
58.083,-164.74,
58.1,-164.84,
58.117,-164.91,
58.133,-165.12,
58.15,-165.12,
58.167,-165.05,
58.183,-164.98,
58.2,-164.83,
58.217,-164.54,
58.233,-164.07,
58.25,-163.88,
58.267,-163.73,
58.283,-164.18,
58.3,-164.47,
58.317,-164.68,
58.333,-164.79,
58.35,-164.82,
58.367,-164.73,
58.383,-164.65,
58.4,-164.34,
58.417,-164.31,
58.433,-164.02,
58.45,-163.99,
58.467,-164.01,
58.483,-164.04,
58.5,-164.14,
58.517,-164.33,
58.533,-164.6,
58.55,-164.73,
58.567,-164.75,
58.583,-164.88,
58.6,-165.08,
58.617,-165.11,
58.633,-164.75,
58.65,-164.21,
58.667,-163.86,
58.683,-163.98,
58.7,-164.42,
58.717,-164.85,
58.733,-164.95,
58.75,-164.87,
58.767,-165,
58.783,-165.14,
58.8,-165.16,
58.817,-165.39,
58.833,-165.18,
58.85,-164.8,
58.867,-164.77,
58.883,-164.97,
58.9,-165.02,
58.917,-165.22,
58.933,-165.26,
58.95,-165.54,
58.967,-165.91,
58.983,-166.36,
59,-166.83,
59.017,-166.9,
59.033,-166.94,
59.05,-166.83,
59.067,-166.78,
59.083,-166.9,
59.1,-166.85,
59.117,-166.8,
59.133,-166.84,
59.15,-167.22,
59.167,-167.59,
59.183,-168.04,
59.2,-168.31,
59.217,-168.41,
59.233,-168.3,
59.25,-168,
59.267,-167.87,
59.283,-167.89,
59.3,-167.84,
59.317,-167.95,
59.333,-167.81,
59.35,-167.84,
59.367,-168.12,
59.383,-168.48,
59.4,-168.83,
59.417,-168.84,
59.433,-168.87,
59.45,-168.66,
59.467,-168.36,
59.483,-168.47,
59.5,-168.41,
59.517,-168.35,
59.533,-168.2,
59.55,-168.12,
59.567,-168.16,
59.583,-168.23,
59.6,-168.16,
59.617,-168.18,
59.633,-168.12,
59.65,-168.14,
59.667,-168.17,
59.683,-168.03,
59.7,-167.72,
59.717,-167.65,
59.733,-167.83,
59.75,-167.67,
59.767,-167.61,
59.783,-167.8,
59.8,-167.8,
59.817,-167.82,
59.833,-167.66,
59.85,-167.6,
59.867,-167.45,
59.883,-167.39,
59.9,-167.43,
59.917,-167.44,
59.933,-167.38,
59.95,-167.38,
59.967,-167.15,
59.983,-166.92,
60,-166.7,
60.017,-166.71,
60.033,-166.63,
60.05,-166.87,
60.067,-166.79,
60.083,-166.79,
60.1,-166.56,
60.117,-166.4,
60.133,-166.32,
60.15,-166.42,
60.167,-166.58,
60.183,-166.3,
60.2,-165.9,
60.217,-165.65,
60.233,-165.58,
60.25,-165.81,
60.267,-166.07,
60.283,-165.97,
60.3,-165.87,
60.317,-165.62,
60.333,-165.52,
60.35,-165.25,
60.367,-165.07,
60.383,-164.9,
60.4,-164.75,
60.417,-164.34,
60.433,-164.03,
60.45,-164.02,
60.467,-164.17,
60.483,-164.43,
60.5,-164.58,
60.517,-164.5,
60.533,-164.25,
60.55,-163.84,
60.567,-163.85,
60.583,-163.77,
60.6,-164.11,
60.617,-164.2,
60.633,-164.21,
60.65,-163.97,
60.667,-163.81,
60.683,-163.9,
60.7,-164.07,
60.717,-164.33,
60.733,-164.14,
60.75,-164.07,
60.767,-164,
60.783,-164.18,
60.8,-164.11,
60.817,-163.97,
60.833,-163.64,
60.85,-163.31,
60.867,-163.32,
60.883,-163.51,
60.9,-163.77,
60.917,-163.95,
60.933,-164.03,
60.95,-164.04,
60.967,-164.03,
60.983,-164.38,
61,-164.71,
61.017,-164.65,
61.033,-164.26,
61.05,-164.02,
61.067,-164.04,
61.083,-164.14,
61.1,-164.48,
61.117,-164.75,
61.133,-164.92,
61.15,-165.02,
61.167,-165.2,
61.183,-165.47,
61.2,-165.74,
61.217,-165.92,
61.233,-165.95,
61.25,-165.71,
61.267,-165.75,
61.283,-166.13,
61.3,-166.5,
61.317,-166.59,
61.333,-166.67,
61.35,-166.68,
61.367,-166.78,
61.383,-166.87,
61.4,-166.94,
61.417,-167.17,
61.433,-167.52,
61.45,-167.46,
61.467,-167.17,
61.483,-167,
61.5,-166.93,
61.517,-167.01,
61.533,-167.29,
61.55,-167.3,
61.567,-167.56,
61.583,-167.71,
61.6,-168.13,
61.617,-168.22,
61.633,-167.93,
61.65,-167.31,
61.667,-166.86,
61.683,-166.55,
61.7,-166.47,
61.717,-166.79,
61.733,-167.13,
61.75,-167.23,
61.767,-167.14,
61.783,-167.04,
61.8,-166.86,
61.817,-166.86,
61.833,-166.77,
61.85,-166.76,
61.867,-166.61,
61.883,-166.56,
61.9,-166.49,
61.917,-166.36,
61.933,-166.23,
61.95,-165.99,
61.967,-165.76,
61.983,-165.5,
62,-165.41,
62.017,-165.57,
62.033,-165.48,
62.05,-165.48,
62.067,-165.55,
62.083,-165.38,
62.1,-165.22,
62.117,-165.17,
62.133,-165.18,
62.15,-165.03,
62.167,-164.93,
62.183,-165.17,
62.2,-165.26,
62.217,-165.45,
62.233,-165.39,
62.25,-165.14,
62.267,-164.94,
62.283,-164.8,
62.3,-164.87,
62.317,-164.73,
62.333,-164.42,
62.35,-164.44,
62.367,-164.26,
62.383,-164.08,
62.4,-163.98,
62.417,-164.01,
62.433,-164.18,
62.45,-164.57,
62.467,-164.73,
62.483,-164.65,
62.5,-164.36,
62.517,-164.14,
62.533,-164.09,
62.55,-163.96,
62.567,-163.87,
62.583,-163.86,
62.6,-163.95,
62.617,-163.93,
62.633,-163.9,
62.65,-163.57,
62.667,-163.57,
62.683,-163.61,
62.7,-163.65,
62.717,-163.71,
62.733,-163.52,
62.75,-163.41,
62.767,-163.22,
62.783,-163.03,
62.8,-162.97,
62.817,-162.71,
62.833,-162.77,
62.85,-162.47,
62.867,-162.24,
62.883,-161.93,
62.9,-161.65,
62.917,-161.37,
62.933,-161.18,
62.95,-160.8,
62.967,-160.5,
62.983,-160.2,
63,-159.79,
63.017,-159.71,
63.033,-159.45,
63.05,-159.27,
63.067,-159.19,
63.083,-158.99,
63.1,-158.92,
63.117,-158.97,
63.133,-159.01,
63.15,-159.25,
63.167,-159.25,
63.183,-159.18,
63.2,-159.16,
63.217,-158.94,
63.233,-158.96,
63.25,-159.19,
63.267,-159.37,
63.283,-159.74,
63.3,-160.12,
63.317,-160.42,
63.333,-160.4,
63.35,-160.4,
63.367,-160.31,
63.383,-160.45,
63.4,-160.5,
63.417,-160.49,
63.433,-160.24,
63.45,-159.98,
63.467,-159.81,
63.483,-159.85,
63.5,-160.08,
63.517,-160.25,
63.533,-160.35,
63.55,-160.32,
63.567,-160.39,
63.583,-160.48,
63.6,-160.3,
63.617,-160.1,
63.633,-159.61,
63.65,-159.61,
63.667,-159.44,
63.683,-159.31,
63.7,-159.43,
63.717,-159.64,
63.733,-159.79,
63.75,-159.95,
63.767,-159.86,
63.783,-159.93,
63.8,-160.13,
63.817,-160.08,
63.833,-160.22,
63.85,-160,
63.867,-160,
63.883,-160.1,
63.9,-160.18,
63.917,-160.12,
63.933,-160.16,
63.95,-160.36,
63.967,-160.66,
63.983,-161.13,
64,-161.54,
64.017,-161.72,
64.033,-161.63,
64.05,-161.53,
64.067,-161.36,
64.083,-161.54,
64.1,-161.71,
64.117,-161.96,
64.133,-162.26,
64.15,-162.61,
64.167,-162.9,
64.183,-163.1,
64.2,-163.44,
64.217,-163.77,
64.233,-163.95,
64.25,-163.95,
64.267,-163.76,
64.283,-164.01,
64.3,-164.23,
64.317,-164.4,
64.333,-164.68,
64.35,-165.13,
64.367,-165.33,
64.383,-165.66,
64.4,-165.8,
64.417,-166.03,
64.433,-166.25,
64.45,-166.12,
64.467,-166.15,
64.483,-166.2,
64.5,-166.35,
64.517,-166.51,
64.533,-166.59,
64.55,-166.63,
64.567,-166.48,
64.583,-166.75,
64.6,-167.02,
64.617,-167.48,
64.633,-167.56,
64.65,-167.89,
64.667,-168.06,
64.683,-168.1,
64.7,-168.16,
64.717,-168.2,
64.733,-168.26,
64.75,-168.3,
64.767,-168.52,
64.783,-168.47,
64.8,-168.69,
64.817,-168.9,
64.833,-168.94,
64.85,-168.88,
64.867,-168.81,
64.883,-168.48,
64.9,-168.45,
64.917,-168.31,
64.933,-168.1,
64.95,-167.7,
64.967,-167.48,
64.983,-167.27,
65,-167.24,
65.017,-167.25,
65.033,-167.45,
65.05,-167.31,
65.067,-167.2,
65.083,-166.88,
65.1,-166.5,
65.117,-165.98,
65.133,-165.66,
65.15,-165.54,
65.167,-165.44,
65.183,-165.59,
65.2,-165.63,
65.217,-165.63,
65.233,-165.53,
65.25,-165.39,
65.267,-165.1,
65.283,-165.11,
65.3,-164.96,
65.317,-164.61,
65.333,-164.2,
65.35,-163.92,
65.367,-163.88,
65.383,-163.85,
65.4,-163.85,
65.417,-163.7,
65.433,-163.4,
65.45,-163.41,
65.467,-163.36,
65.483,-163.53,
65.5,-163.36,
65.517,-163.08,
65.533,-162.9,
65.55,-163.02,
65.567,-163.15,
65.583,-163.04,
65.6,-162.7,
65.617,-162.35,
65.633,-162.18,
65.65,-162.36,
65.667,-162.43,
65.683,-162.68,
65.7,-162.88,
65.717,-163.05,
65.733,-163.23,
65.75,-163.01,
65.767,-162.84,
65.783,-162.85,
65.8,-162.78,
65.817,-162.49,
65.833,-162.09,
65.85,-161.82,
65.867,-161.76,
65.883,-161.74,
65.9,-161.73,
65.917,-161.67,
65.933,-161.61,
65.95,-161.72,
65.967,-161.72,
65.983,-161.67,
66,-161.63,
66.017,-161.3,
66.033,-160.91,
66.05,-160.58,
66.067,-160.67,
66.083,-160.92,
66.1,-161.34,
66.117,-161.58,
66.133,-161.58,
66.15,-161.5,
66.167,-161.5,
66.183,-161.27,
66.2,-161.17,
66.217,-160.75,
66.233,-160.36,
66.25,-160.01,
66.267,-159.66,
66.283,-159.55,
66.3,-159.44,
66.317,-159.57,
66.333,-159.81,
66.35,-159.73,
66.367,-159.78,
66.383,-159.71,
66.4,-159.49,
66.417,-158.98,
66.433,-158.54,
66.45,-158.2,
66.467,-157.92,
66.483,-157.7,
66.5,-157.76,
66.517,-158,
66.533,-158.34,
66.55,-158.42,
66.567,-158.42,
66.583,-158.07,
66.6,-157.98,
66.617,-157.56,
66.633,-157.17,
66.65,-156.77,
66.667,-156.56,
66.683,-156.33,
66.7,-155.87,
66.717,-155.78,
66.733,-155.55,
66.75,-155.65,
66.767,-155.93,
66.783,-156.1,
66.8,-155.8,
66.817,-155.6,
66.833,-155.14,
66.85,-154.92,
66.867,-154.66,
66.883,-154.27,
66.9,-153.83,
66.917,-153.49,
66.933,-153.39,
66.95,-153.58,
66.967,-153.88,
66.983,-154.01,
67,-153.94,
67.017,-153.79,
67.033,-153.51,
67.05,-153.19,
67.067,-153.04,
67.083,-152.94,
67.1,-153.11,
67.117,-153.21,
67.133,-153.11,
67.15,-153.32,
67.167,-153.87,
67.183,-154.3,
67.2,-154.7,
67.217,-154.96,
67.233,-155.21,
67.25,-155.49,
67.267,-155.62,
67.283,-155.6,
67.3,-155.87,
67.317,-156.03,
67.333,-156.17,
67.35,-156.21,
67.367,-156.36,
67.383,-156.46,
67.4,-156.61,
67.417,-156.83,
67.433,-157.27,
67.45,-157.77,
67.467,-158.14,
67.483,-158.47,
67.5,-158.97,
67.517,-159.3,
67.533,-159.7,
67.55,-159.74,
67.567,-159.89,
67.583,-160.18,
67.6,-160.79,
67.617,-161.34,
67.633,-161.67,
67.65,-161.79,
67.667,-161.78,
67.683,-162.19,
67.7,-162.75,
67.717,-163.14,
67.733,-163.13,
67.75,-163.13,
67.767,-163.53,
67.783,-164.41,
67.8,-165.09,
67.817,-165.24,
67.833,-165.16,
67.85,-165.47,
67.867,-165.91,
67.883,-166.4,
67.9,-166.72,
67.917,-166.64,
67.933,-166.44,
67.95,-165.99,
67.967,-165.93,
67.983,-166.32,
68,-166.76,
68.017,-167.14,
68.033,-167.45,
68.05,-167.71,
68.067,-167.91,
68.083,-168.23,
68.1,-168.31,
68.117,-168.34,
68.133,-168.42,
68.15,-168.47,
68.167,-168.35,
68.183,-168.32,
68.2,-168.49,
68.217,-168.83,
68.233,-168.93,
68.25,-168.86,
68.267,-168.68,
68.283,-168.72,
68.3,-168.87,
68.317,-169.12,
68.333,-169.22,
68.35,-168.97,
68.367,-168.83,
68.383,-168.61,
68.4,-168.5,
68.417,-168.12,
68.433,-168.16,
68.45,-168.12,
68.467,-168.21,
68.483,-168.18,
68.5,-168.04,
68.517,-167.73,
68.533,-167.43,
68.55,-167.02,
68.567,-167.05,
68.583,-167.46,
68.6,-167.71,
68.617,-167.7,
68.633,-167.27,
68.65,-167.03,
68.667,-166.95,
68.683,-167.21,
68.7,-167.46,
68.717,-167.66,
68.733,-167.56,
68.75,-167.38,
68.767,-167.15,
68.783,-167.02,
68.8,-167.26,
68.817,-167.42,
68.833,-167.23,
68.85,-167.18,
68.867,-167.34,
68.883,-167.61,
68.9,-167.77,
68.917,-167.58,
68.933,-167.46,
68.95,-167.33,
68.967,-167.6,
68.983,-168.24,
69,-168.75,
69.017,-168.96,
69.033,-168.6,
69.05,-168.24,
69.067,-168.21,
69.083,-168.3,
69.1,-168.57,
69.117,-168.91,
69.133,-168.95,
69.15,-169.27,
69.167,-169.47,
69.183,-169.51,
69.2,-169.31,
69.217,-168.72,
69.233,-168.47,
69.25,-168.52,
69.267,-168.72,
69.283,-169.16,
69.3,-169.26,
69.317,-169.55,
69.333,-169.48,
69.35,-169.41,
69.367,-169.56,
69.383,-169.69,
69.4,-169.81,
69.417,-169.85,
69.433,-169.99,
69.45,-169.87,
69.467,-169.75,
69.483,-169.58,
69.5,-169.45,
69.517,-169.38,
69.533,-169.67,
69.55,-170.02,
69.567,-170.15,
69.583,-170.22,
69.6,-170.33,
69.617,-170.32,
69.633,-170.13,
69.65,-170.11,
69.667,-169.98,
69.683,-169.97,
69.7,-169.76,
69.717,-169.93,
69.733,-170.01,
69.75,-170,
69.767,-169.76,
69.783,-169.73,
69.8,-169.94,
69.817,-169.87,
69.833,-169.62,
69.85,-169.37,
69.867,-169.39,
69.883,-169.49,
69.9,-169.35,
69.917,-168.78,
69.933,-168.02,
69.95,-167.54,
69.967,-167.69,
69.983,-167.87,
70,-168.22,
70.017,-168.36,
70.033,-168.52,
70.05,-168.41,
70.067,-168.06,
70.083,-167.44,
70.1,-166.91,
70.117,-166.49,
70.133,-166.18,
70.15,-165.54,
70.167,-165.19,
70.183,-165.14,
70.2,-165.56,
70.217,-165.77,
70.233,-165.49,
70.25,-165.2,
70.267,-164.83,
70.283,-164.61,
70.3,-164.94,
70.317,-165.29,
70.333,-165.37,
70.35,-165.42,
70.367,-165.08,
70.383,-164.62,
70.4,-164.52,
70.417,-164.57,
70.433,-164.39,
70.45,-164.24,
70.467,-164.26,
70.483,-164.64,
70.5,-164.76,
70.517,-164.24,
70.533,-163.54,
70.55,-163.29,
70.567,-163.2,
70.583,-163.47,
70.6,-163.76,
70.617,-163.78,
70.633,-163.45,
70.65,-163.02,
70.667,-162.95,
70.683,-163.21,
70.7,-163.53,
70.717,-163.49,
70.733,-163.4,
70.75,-163.18,
70.767,-163.08,
70.783,-163.13,
70.8,-163.06,
70.817,-163.06,
70.833,-162.99,
70.85,-162.91,
70.867,-163.06,
70.883,-163.28,
70.9,-163.5,
70.917,-163.61,
70.933,-163.54,
70.95,-163.54,
70.967,-163.5,
70.983,-163.29,
71,-163.19,
71.017,-162.84,
71.033,-162.55,
71.05,-162.38,
71.067,-162.35,
71.083,-162.37,
71.1,-162.5,
71.117,-162.44,
71.133,-162.21,
71.15,-162.05,
71.167,-161.93,
71.183,-161.87,
71.2,-161.89,
71.217,-161.44,
71.233,-161.3,
71.25,-161.06,
71.267,-161.07,
71.283,-161,
71.3,-161.21,
71.317,-161.35,
71.333,-161.25,
71.35,-161.16,
71.367,-161.23,
71.383,-161.29,
71.4,-161.12,
71.417,-160.73,
71.433,-160.04,
71.45,-159.64,
71.467,-159.53,
71.483,-159.67,
71.5,-160.01,
71.517,-160.35,
71.533,-160.59,
71.55,-160.65,
71.567,-160.35,
71.583,-160.2,
71.6,-160.02,
71.617,-159.89,
71.633,-159.98,
71.65,-160.07,
71.667,-159.88,
71.683,-159.87,
71.7,-160.09,
71.717,-160.44,
71.733,-160.44,
71.75,-160.31,
71.767,-160.26,
71.783,-160.73,
71.8,-161.3,
71.817,-161.58,
71.833,-161.57,
71.85,-161.38,
71.867,-161.18,
71.883,-161.23,
71.9,-161,
71.917,-160.77,
71.933,-160.8,
71.95,-160.89,
71.967,-161.22,
71.983,-161.53,
72,-161.81,
72.017,-162.06,
72.033,-162.05,
72.05,-161.6,
72.067,-161.12,
72.083,-160.56,
72.1,-160.5,
72.117,-160.86,
72.133,-161.44,
72.15,-162.14,
72.167,-162.38,
72.183,-162.63,
72.2,-162.86,
72.217,-162.94,
72.233,-162.93,
72.25,-163.06,
72.267,-163.26,
72.283,-163.28,
72.3,-163.28,
72.317,-163.2,
72.333,-163.18,
72.35,-163.38,
72.367,-163.61,
72.383,-163.77,
72.4,-164.02,
72.417,-164.17,
72.433,-164.36,
72.45,-164.31,
72.467,-164.18,
72.483,-163.87,
72.5,-163.91,
72.517,-163.92,
72.533,-163.96,
72.55,-164.28,
72.567,-164.54,
72.583,-164.7,
72.6,-164.74,
72.617,-164.83,
72.633,-164.72,
72.65,-164.62,
72.667,-164.47,
72.683,-164.54,
72.7,-164.77,
72.717,-164.92,
72.733,-164.88,
72.75,-164.73,
72.767,-164.76,
72.783,-165.03,
72.8,-165.29,
72.817,-165.39,
72.833,-165.46,
72.85,-165.54,
72.867,-165.58,
72.883,-165.8,
72.9,-165.97,
72.917,-165.7,
72.933,-165.24,
72.95,-165.16,
72.967,-165.45,
72.983,-165.8,
73,-165.73,
73.017,-165.52,
73.033,-165.08,
73.05,-165.14,
73.067,-165.51,
73.083,-165.86,
73.1,-166.03,
73.117,-165.91,
73.133,-165.76,
73.15,-165.72,
73.167,-165.53,
73.183,-165.06,
73.2,-164.79,
73.217,-164.61,
73.233,-164.61,
73.25,-164.89,
73.267,-165.04,
73.283,-165,
73.3,-165.08,
73.317,-164.77,
73.333,-164.53,
73.35,-164.75,
73.367,-164.98,
73.383,-165.64,
73.4,-165.86,
73.417,-165.74,
73.433,-165.5,
73.45,-165.31,
73.467,-165.35,
73.483,-165.59,
73.5,-165.9,
73.517,-166.12,
73.533,-166.36,
73.55,-166.38,
73.567,-166.14,
73.583,-166.28,
73.6,-166.18,
73.617,-166.18,
73.633,-166.22,
73.65,-166.27,
73.667,-166.51,
73.683,-166.77,
73.7,-167.19,
73.717,-167.64,
73.733,-167.95,
73.75,-168.07,
73.767,-168.29,
73.783,-168.54,
73.8,-168.65,
73.817,-168.91,
73.833,-169.19,
73.85,-169.2,
73.867,-169.39,
73.883,-169.79,
73.9,-170.02,
73.917,-170.27,
73.933,-170.3,
73.95,-170.38,
73.967,-170.43,
73.983,-170.45,
74,-170.65,
74.017,-170.72,
74.033,-170.82,
74.05,-170.8,
74.067,-170.88,
74.083,-171.07,
74.1,-171.59,
74.117,-172.14,
74.133,-172.37,
74.15,-172.46,
74.167,-172.51,
74.183,-172.75,
74.2,-173.01,
74.217,-173.12,
74.233,-173.02,
74.25,-173.03,
74.267,-173.18,
74.283,-173.18,
74.3,-173.06,
74.317,-173.06,
74.333,-173.24,
74.35,-173.38,
74.367,-173.39,
74.383,-173.5,
74.4,-173.25,
74.417,-173.22,
74.433,-173.04,
74.45,-173.17,
74.467,-173.11,
74.483,-172.79,
74.5,-172.52,
74.517,-172.29,
74.533,-172.23,
74.55,-172.68,
74.567,-173.22,
74.583,-173.14,
74.6,-172.93,
74.617,-172.58,
74.633,-171.87,
74.65,-171.35,
74.667,-170.6,
74.683,-170.03,
74.7,-169.5,
74.717,-169.39,
74.733,-169.51,
74.75,-169.85,
74.767,-170.37,
74.783,-170.87,
74.8,-171.28,
74.817,-171.29,
74.833,-170.87,
74.85,-170.5,
74.867,-169.76,
74.883,-169.18,
74.9,-168.57,
74.917,-167.82,
74.933,-167.32,
74.95,-167.22,
74.967,-167.28,
74.983,-167.32,
75,-167.42,
75.017,-167.55,
75.033,-167.89,
75.05,-168.4,
75.067,-168.64,
75.083,-168.58,
75.1,-168.18,
75.117,-167.78,
75.133,-167.8,
75.15,-167.63,
75.167,-167.25,
75.183,-167.1,
75.2,-166.96,
75.217,-167.05,
75.233,-167.2,
75.25,-167.56,
75.267,-168.03,
75.283,-168.61,
75.3,-168.92,
75.317,-168.8,
75.333,-168.66,
75.35,-168.7,
75.367,-169.25,
75.383,-169.56,
75.4,-169.78,
75.417,-169.87,
75.433,-169.88,
75.45,-170.09,
75.467,-170.29,
75.483,-170.48,
75.5,-170.54,
75.517,-170.53,
75.533,-170.37,
75.55,-170.48,
75.567,-170.93,
75.583,-171.34,
75.6,-171.54,
75.617,-171.53,
75.633,-171.72,
75.65,-172.06,
75.667,-172.21,
75.683,-172.19,
75.7,-171.76,
75.717,-171.12,
75.733,-170.54,
75.75,-170.04,
75.767,-169.73,
75.783,-169.78,
75.8,-170,
75.817,-170,
75.833,-169.98,
75.85,-169.99,
75.867,-170.03,
75.883,-170.04,
75.9,-170.05,
75.917,-170.05,
75.933,-169.82,
75.95,-169.64,
75.967,-169.48,
75.983,-169.3,
76,-169.15,
76.017,-169.04,
76.033,-169.14,
76.05,-169.21,
76.067,-169.19,
76.083,-168.91,
76.1,-168.64,
76.117,-168.08,
76.133,-167.72,
76.15,-167.63,
76.167,-167.72,
76.183,-167.52,
76.2,-167.08,
76.217,-166.53,
76.233,-166.01,
76.25,-165.85,
76.267,-165.66,
76.283,-165.88,
76.3,-166.09,
76.317,-166.12,
76.333,-165.84,
76.35,-165.69,
76.367,-165.52,
76.383,-165.71,
76.4,-165.47,
76.417,-164.85,
76.433,-164.09,
76.45,-163.53,
76.467,-163.22,
76.483,-162.86,
76.5,-162.87,
76.517,-163.33,
76.533,-163.8,
76.55,-164.17,
76.567,-164.28,
76.583,-163.99,
76.6,-163.36,
76.617,-162.87,
76.633,-162.77,
76.65,-162.73,
76.667,-162.84,
76.683,-163.27,
76.7,-163.97,
76.717,-164.3,
76.733,-164.27,
76.75,-164.1,
76.767,-164.11,
76.783,-164.34,
76.8,-164.39,
76.817,-164.41,
76.833,-164.29,
76.85,-164.33,
76.867,-164.31,
76.883,-164.07,
76.9,-163.79,
76.917,-163.55,
76.933,-163.35,
76.95,-163.34,
76.967,-163.51,
76.983,-163.75,
77,-163.77,
77.017,-163.78,
77.033,-163.54,
77.05,-163.35,
77.067,-163.38,
77.083,-163.63,
77.1,-163.86,
77.117,-164.24,
77.133,-164.79,
77.15,-165.19,
77.167,-165.8,
77.183,-166.22,
77.2,-166.42,
77.217,-166.41,
77.233,-166.21,
77.25,-165.93,
77.267,-166.08,
77.283,-166.48,
77.3,-167.34,
77.317,-168.06,
77.333,-168.52,
77.35,-168.62,
77.367,-168.64,
77.383,-169.09,
77.4,-169.76,
77.417,-170.05,
77.433,-170.1,
77.45,-170.07,
77.467,-170.03,
77.483,-170.4,
77.5,-170.64,
77.517,-170.85,
77.533,-170.87,
77.55,-170.67,
77.567,-170.67,
77.583,-171.06,
77.6,-171.47,
77.617,-171.66,
77.633,-171.44,
77.65,-171.03,
77.667,-170.9,
77.683,-171.04,
77.7,-171.36,
77.717,-171.82,
77.733,-172.19,
77.75,-172.56,
77.767,-172.77,
77.783,-173,
77.8,-173.12,
77.817,-173.1,
77.833,-172.97,
77.85,-172.87,
77.867,-173.04,
77.883,-173.37,
77.9,-173.35,
77.917,-173.2,
77.933,-173.03,
77.95,-172.82,
77.967,-172.8,
77.983,-172.63,
78,-172.59,
78.017,-172.55,
78.033,-172.31,
78.05,-172.09,
78.067,-171.91,
78.083,-171.62,
78.1,-171.42,
78.117,-171.48,
78.133,-171.06,
78.15,-170.71,
78.167,-170.34,
78.183,-170.17,
78.2,-170.35,
78.217,-170.37,
78.233,-170.4,
78.25,-170.6,
78.267,-170.38,
78.283,-170.2,
78.3,-170.03,
78.317,-169.67,
78.333,-169.47,
78.35,-169.3,
78.367,-169.31,
78.383,-169.3,
78.4,-169.08,
78.417,-168.81,
78.433,-168.57,
78.45,-168.32,
78.467,-167.98,
78.483,-167.82,
78.5,-167.9,
78.517,-168.11,
78.533,-168.28,
78.55,-168.02,
78.567,-167.64,
78.583,-167.26,
78.6,-167.03,
78.617,-166.77,
78.633,-166.31,
78.65,-165.88,
78.667,-165.87,
78.683,-166.1,
78.7,-166.11,
78.717,-166.11,
78.733,-166.03,
78.75,-165.77,
78.767,-165.73,
78.783,-165.59,
78.8,-165.24,
78.817,-165.01,
78.833,-164.74,
78.85,-164.52,
78.867,-164.35,
78.883,-164.34,
78.9,-164.13,
78.917,-163.71,
78.933,-163.47,
78.95,-163.49,
78.967,-163.71,
78.983,-164.06,
79,-164.18,
79.017,-163.7,
79.033,-163.28,
79.05,-162.91,
79.067,-162.87,
79.083,-162.64,
79.1,-162.62,
79.117,-162.63,
79.133,-162.65,
79.15,-162.92,
79.167,-163.55,
79.183,-163.92,
79.2,-163.81,
79.217,-163.52,
79.233,-163.06,
79.25,-162.63,
79.267,-162.45,
79.283,-162.44,
79.3,-162.6,
79.317,-162.58,
79.333,-162.54,
79.35,-162.54,
79.367,-162.72,
79.383,-163.1,
79.4,-163.47,
79.417,-163.27,
79.433,-163.1,
79.45,-162.74,
79.467,-162.69,
79.483,-162.48,
79.5,-162.63,
79.517,-162.42,
79.533,-162.34,
79.55,-162.35,
79.567,-162.52,
79.583,-162.74,
79.6,-162.78,
79.617,-162.64,
79.633,-162.39,
79.65,-161.93,
79.667,-161.66,
79.683,-161.65,
79.7,-161.63,
79.717,-161.81,
79.733,-162.02,
79.75,-162.21,
79.767,-162.41,
79.783,-162.39,
79.8,-162.2,
79.817,-161.96,
79.833,-161.92,
79.85,-161.69,
79.867,-161.46,
79.883,-161.44,
79.9,-161.4,
79.917,-161.52,
79.933,-161.46,
79.95,-161.21,
79.967,-161.36,
79.983,-161.33,
80,-161.31,
80.017,-161.33,
80.033,-161.1,
80.05,-160.85,
80.067,-160.81,
80.083,-160.77,
80.1,-160.53,
80.117,-160.29,
80.133,-160.05,
80.15,-160.19,
80.167,-160.23,
80.183,-160.4,
80.2,-160.41,
80.217,-160.37,
80.233,-160.16,
80.25,-159.98,
80.267,-159.95,
80.283,-159.71,
80.3,-159.66,
80.317,-159.42,
80.333,-159.28,
80.35,-159.15,
80.367,-159.14,
80.383,-159.26,
80.4,-159.4,
80.417,-159.37,
80.433,-159.57,
80.45,-159.77,
80.467,-159.79,
80.483,-159.77,
80.5,-159.56,
80.517,-159.57,
80.533,-159.59,
80.55,-159.63,
80.567,-159.79,
80.583,-159.95,
80.6,-160.1,
80.617,-160.29,
80.633,-160.46,
80.65,-160.85,
80.667,-161.09,
80.683,-161.25,
80.7,-161.01,
80.717,-160.8,
80.733,-160.79,
80.75,-161.17,
80.767,-161.38,
80.783,-161.76,
80.8,-162.12,
80.817,-162.28,
80.833,-162.45,
80.85,-162.63,
80.867,-162.61,
80.883,-162.97,
80.9,-163.11,
80.917,-163.3,
80.933,-163.29,
80.95,-163.69,
80.967,-164.07,
80.983,-164.41,
81,-164.81,
81.017,-165,
81.033,-165.33,
81.05,-165.65,
81.067,-166.01,
81.083,-166.36,
81.1,-166.72,
81.117,-167.08,
81.133,-167.22,
81.15,-167.2,
81.167,-167.19,
81.183,-167.22,
81.2,-167.6,
81.217,-167.93,
81.233,-168.08,
81.25,-168.26,
81.267,-168.48,
81.283,-168.87,
81.3,-169.45,
81.317,-170.02,
81.333,-170.23,
81.35,-170.38,
81.367,-170.57,
81.383,-170.36,
81.4,-170.37,
81.417,-170.37,
81.433,-170.56,
81.45,-170.51,
81.467,-170.51,
81.483,-170.44,
81.5,-170.41,
81.517,-170.76,
81.533,-170.95,
81.55,-171.33,
81.567,-171.48,
81.583,-171.23,
81.6,-170.63,
81.617,-170.27,
81.633,-170.04,
81.65,-169.99,
81.667,-169.98,
81.683,-170.39,
81.7,-170.81,
81.717,-171.2,
81.733,-171.18,
81.75,-171.14,
81.767,-171.11,
81.783,-171.12,
81.8,-171.11,
81.817,-171.1,
81.833,-171.12,
81.85,-171.07,
81.867,-171.02,
81.883,-171.14,
81.9,-171.32,
81.917,-171.49,
81.933,-171.48,
81.95,-171.64,
81.967,-171.84,
81.983,-172.2,
82,-172.34,
82.017,-172.29,
82.033,-172.05,
82.05,-171.65,
82.067,-171.48,
82.083,-171.68,
82.1,-172,
82.117,-172.12,
82.133,-172.26,
82.15,-172.42,
82.167,-172.55,
82.183,-172.67,
82.2,-172.84,
82.217,-172.84,
82.233,-172.82,
82.25,-172.55,
82.267,-172.25,
82.283,-171.97,
82.3,-171.95,
82.317,-171.7,
82.333,-171.63,
82.35,-171.74,
82.367,-172.09,
82.383,-172.24,
82.4,-172.21,
82.417,-171.98,
82.433,-171.9,
82.45,-171.65,
82.467,-171.46,
82.483,-171.06,
82.5,-170.82,
82.517,-170.79,
82.533,-170.8,
82.55,-170.81,
82.567,-170.93,
82.583,-171.2,
82.6,-171.34,
82.617,-171.28,
82.633,-170.85,
82.65,-170.24,
82.667,-169.79,
82.683,-169.74,
82.7,-169.75,
82.717,-169.74,
82.733,-169.51,
82.75,-169.32,
82.767,-169.29,
82.783,-169.27,
82.8,-169.06,
82.817,-168.82,
82.833,-168.58,
82.85,-168.36,
82.867,-168.15,
82.883,-167.78,
82.9,-167.36,
82.917,-167.14,
82.933,-166.93,
82.95,-166.69,
82.967,-166.66,
82.983,-166.85,
83,-167.03,
83.017,-166.99,
83.033,-166.96,
83.05,-166.78,
83.067,-166.77,
83.083,-166.62,
83.1,-166.22,
83.117,-166.03,
83.133,-165.81,
83.15,-165.58,
83.167,-165.57,
83.183,-165.55,
83.2,-165.54,
83.217,-165.46,
83.233,-165.18,
83.25,-164.95,
83.267,-164.75,
83.283,-164.52,
83.3,-164.28,
83.317,-164.02,
83.333,-163.81,
83.35,-163.58,
83.367,-163.55,
83.383,-163.51,
83.4,-163.66,
83.417,-163.65,
83.433,-163.46,
83.45,-163.45,
83.467,-163.66,
83.483,-163.65,
83.5,-163.6,
83.517,-163.34,
83.533,-163.31,
83.55,-163.28,
83.567,-163.43,
83.583,-163.56,
83.6,-163.56,
83.617,-163.43,
83.633,-163.47,
83.65,-163.39,
83.667,-163.32,
83.683,-163.29,
83.7,-163.37,
83.717,-163.43,
83.733,-163.57,
83.75,-163.87,
83.767,-164,
83.783,-164.13,
83.8,-163.89,
83.817,-163.88,
83.833,-163.84,
83.85,-163.82,
83.867,-163.79,
83.883,-163.52,
83.9,-163.35,
83.917,-163.33,
83.933,-163.28,
83.95,-163.26,
83.967,-163.4,
83.983,-163.42,
84,-163.38,
84.017,-163.1,
84.033,-162.66,
84.05,-162.28,
84.067,-162.11,
84.083,-162.5,
84.1,-162.86,
84.117,-163.06,
84.133,-162.92,
84.15,-162.96,
84.167,-163.1,
84.183,-163.22,
84.2,-163,
84.217,-162.43,
84.233,-161.87,
84.25,-161.51,
84.267,-161.33,
84.283,-161.32,
84.3,-161.3,
84.317,-161.43,
84.333,-161.37,
84.35,-161.29,
84.367,-160.82,
84.383,-160.44,
84.4,-160.22,
84.417,-159.99,
84.433,-159.77,
84.45,-159.37,
84.467,-159.18,
84.483,-159.18,
84.5,-159.32,
84.517,-159.44,
84.533,-159.61,
84.55,-159.57,
84.567,-159.52,
84.583,-159.47,
84.6,-159.62,
84.617,-159.44,
84.633,-159.04,
84.65,-158.49,
84.667,-158.26,
84.683,-158.16,
84.7,-158.06,
84.717,-158.21,
84.733,-158.42,
84.75,-158.4,
84.767,-158.39,
84.783,-158.56,
84.8,-158.73,
84.817,-158.56,
84.833,-158.33,
84.85,-158.09,
84.867,-157.86,
84.883,-157.81,
84.9,-158,
84.917,-158.31,
84.933,-158.64,
84.95,-158.83,
84.967,-159.17,
84.983,-159.38,
85,-159.52,
85.017,-159.47,
85.033,-159.42,
85.05,-159.57,
85.067,-159.86,
85.083,-159.93,
85.1,-160.04,
85.117,-160.19,
85.133,-160.46,
85.15,-160.89,
85.167,-161.31,
85.183,-161.81,
85.2,-162.22,
85.217,-162.49,
85.233,-162.6,
85.25,-162.51,
85.267,-162.67,
85.283,-162.86,
85.3,-163.22,
85.317,-163.43,
85.333,-163.75,
85.35,-163.83,
85.367,-164.15,
85.383,-164.27,
85.4,-164.4,
85.417,-164.89,
85.433,-165.16,
85.45,-165.26,
85.467,-165.22,
85.483,-165.24,
85.5,-165.24,
85.517,-165.43,
85.533,-165.38,
85.55,-165.67,
85.567,-166.01,
85.583,-166.54,
85.6,-167.13,
85.617,-167.67,
85.633,-167.76,
85.65,-167.69,
85.667,-167.66,
85.683,-167.46,
85.7,-167.64,
85.717,-167.8,
85.733,-167.82,
85.75,-167.82,
85.767,-168.01,
85.783,-168.19,
85.8,-168.54,
85.817,-168.86,
85.833,-168.82,
85.85,-168.79,
85.867,-168.93,
85.883,-168.9,
85.9,-169.05,
85.917,-169.19,
85.933,-169.2,
85.95,-169.15,
85.967,-169.09,
85.983,-169.2,
86,-169.4,
86.017,-169.41,
86.033,-169.59,
86.05,-169.77,
86.067,-169.97,
86.083,-169.97,
86.1,-170.32,
86.117,-170.6,
86.133,-170.74,
86.15,-170.69,
86.167,-170.85,
86.183,-171,
86.2,-171.2,
86.217,-171.21,
86.233,-171.46,
86.25,-171.64,
86.267,-171.98,
86.283,-172.07,
86.3,-171.98,
86.317,-172.17,
86.333,-172.3,
86.35,-172.58,
86.367,-172.44,
86.383,-172.6,
86.4,-172.71,
86.417,-172.78,
86.433,-172.89,
86.45,-172.83,
86.467,-173.11,
86.483,-173.4,
86.5,-173.54,
86.517,-173.5,
86.533,-173.76,
86.55,-173.9,
86.567,-174.02,
86.583,-174.18,
86.6,-174.39,
86.617,-174.35,
86.633,-174.53,
86.65,-174.68,
86.667,-174.87,
86.683,-175.49,
86.7,-176.14,
86.717,-176.58,
86.733,-176.95,
86.75,-177.1,
86.767,-176.99,
86.783,-177.11,
86.8,-177.09,
86.817,-177.08,
86.833,-177.12,
86.85,-177.24,
86.867,-177.6,
86.883,-178.09,
86.9,-178.62,
86.917,-178.79,
86.933,-178.95,
86.95,-179.16,
86.967,-179.13,
86.983,-179.16,
87,-179.3,
87.017,-179.5,
87.033,-179.66,
87.05,-179.87,
87.067,-179.94,
87.083,-179.92,
87.1,-180.12,
87.117,-180.27,
87.133,-180.74,
87.15,-181.01,
87.167,-181.2,
87.183,-181.21,
87.2,-181.22,
87.217,-181.21,
87.233,-181.35,
87.25,-181.14,
87.267,-180.66,
87.283,-180.32,
87.3,-180.45,
87.317,-180.86,
87.333,-181.07,
87.35,-181.19,
87.367,-181.3,
87.383,-181.43,
87.4,-181.48,
87.417,-181.48,
87.433,-181.33,
87.45,-181.37,
87.467,-181.15,
87.483,-180.74,
87.5,-180.56,
87.517,-180.37,
87.533,-180.31,
87.55,-180.39,
87.567,-180.64,
87.583,-180.71,
87.6,-180.52,
87.617,-180.13,
87.633,-179.94,
87.65,-179.56,
87.667,-179.29,
87.683,-178.68,
87.7,-178.08,
87.717,-177.88,
87.733,-177.9,
87.75,-177.9,
87.767,-177.86,
87.783,-177.59,
87.8,-177.14,
87.817,-176.85,
87.833,-176.36,
87.85,-176.11,
87.867,-175.73,
87.883,-175.41,
87.9,-175.16,
87.917,-174.77,
87.933,-174.7,
87.95,-174.52,
87.967,-174.57,
87.983,-174.5,
88,-174.4,
88.017,-174.1,
88.033,-173.88,
88.05,-173.67,
88.067,-173.42,
88.083,-173.3,
88.1,-172.81,
88.117,-172.48,
88.133,-172.11,
88.15,-171.94,
88.167,-171.85,
88.183,-171.76,
88.2,-171.73,
88.217,-171.46,
88.233,-171.21,
88.25,-170.96,
88.267,-170.75,
88.283,-170.3,
88.3,-169.92,
88.317,-169.29,
88.333,-168.95,
88.35,-168.37,
88.367,-168.22,
88.383,-167.95,
88.4,-167.86,
88.417,-167.55,
88.433,-167.07,
88.45,-166.62,
88.467,-166.23,
88.483,-166.02,
88.5,-165.82,
88.517,-165.39,
88.533,-164.78,
88.55,-164.36,
88.567,-164.05,
88.583,-164.04,
88.6,-164.08,
88.617,-163.87,
88.633,-163.63,
88.65,-163.33,
88.667,-163.12,
88.683,-162.91,
88.7,-162.83,
88.717,-162.35,
88.733,-161.92,
88.75,-161.51,
88.767,-161.51,
88.783,-161.32,
88.8,-161.27,
88.817,-161.22,
88.833,-160.98,
88.85,-160.91,
88.867,-160.85,
88.883,-160.86,
88.9,-161.13,
88.917,-161.37,
88.933,-161.32,
88.95,-161.44,
88.967,-161.41,
88.983,-161.18,
89,-161.13,
89.017,-160.73,
89.033,-160.68,
89.05,-160.86,
89.067,-160.93,
89.083,-161.06,
89.1,-161.3,
89.117,-161.53,
89.133,-161.53,
89.15,-161.52,
89.167,-161.29,
89.183,-161.29,
89.2,-161.19,
89.217,-160.85,
89.233,-160.99,
89.25,-161.18,
89.267,-161.35,
89.283,-161.49,
89.3,-161.67,
89.317,-161.68,
89.333,-161.63,
89.35,-161.77,
89.367,-161.77,
89.383,-161.99,
89.4,-162.07,
89.417,-162.29,
89.433,-162.42,
89.45,-162.76,
89.467,-163.16,
89.483,-163.35,
89.5,-163.31,
89.517,-163.45,
89.533,-163.35,
89.55,-163.48,
89.567,-163.42,
89.583,-163.58,
89.6,-163.54,
89.617,-163.33,
89.633,-163.07,
89.65,-163,
89.667,-162.85,
89.683,-162.79,
89.7,-163.12,
89.717,-163.4,
89.733,-163.71,
89.75,-163.88,
89.767,-164.24,
89.783,-164.44,
89.8,-164.48,
89.817,-164.45,
89.833,-164.25,
89.85,-164.11,
89.867,-164.28,
89.883,-164.31,
89.9,-164.51,
89.917,-164.66,
89.933,-164.98,
89.95,-165.14,
89.967,-165.54,
89.983,-165.69,
90,-166.02,
90.017,-166,
90.033,-166,
90.05,-166,
90.067,-166.11,
90.083,-166.34,
90.1,-166.45,
90.117,-166.75,
90.133,-167.21,
90.15,-167.6,
90.167,-167.63,
90.183,-167.78,
90.2,-167.99,
90.217,-168.19,
90.233,-168.22,
90.25,-168.35,
90.267,-168.24,
90.283,-168,
90.3,-168.07,
90.317,-168.4,
90.333,-169.03,
90.35,-169.85,
90.367,-170.54,
90.383,-171.07,
90.4,-171.4,
90.417,-171.57,
90.433,-171.99,
90.45,-172.1,
90.467,-172.19,
90.483,-172.31,
90.5,-172.31,
90.517,-172.71,
90.533,-173.3,
90.55,-174,
90.567,-174.53,
90.583,-174.88,
90.6,-175.14,
90.617,-175.65,
90.633,-175.93,
90.65,-176.33,
90.667,-176.69,
90.683,-177.04,
90.7,-177.4,
90.717,-177.68,
90.733,-177.8,
90.75,-178.09,
90.767,-178.62,
90.783,-178.9,
90.8,-179.23,
90.817,-179.4,
90.833,-179.73,
90.85,-180.03,
90.867,-180.2,
90.883,-180.61,
90.9,-181.01,
90.917,-181.06,
90.933,-180.98,
90.95,-181.31,
90.967,-181.76,
90.983,-182.05,
91,-182.32,
91.017,-182.31,
91.033,-182.48,
91.05,-182.69,
91.067,-182.96,
91.083,-183.19,
91.1,-183.75,
91.117,-183.96,
91.133,-183.89,
91.15,-183.82,
91.167,-184.02,
91.183,-184.25,
91.2,-184.46,
91.217,-184.31,
91.233,-184.48,
91.25,-184.44,
91.267,-184.82,
91.283,-184.97,
91.3,-185.05,
91.317,-185.04,
91.333,-185.01,
91.35,-184.81,
91.367,-184.86,
91.383,-184.85,
91.4,-184.84,
91.417,-184.81,
91.433,-185.02,
91.45,-185.17,
91.467,-185.21,
91.483,-185.47,
91.5,-185.75,
91.517,-185.8,
91.533,-185.84,
91.55,-185.63,
91.567,-185.62,
91.583,-185.4,
91.6,-185.15,
91.617,-184.9,
91.633,-184.7,
91.65,-184.49,
91.667,-184.51,
91.683,-184.67,
91.7,-184.69,
91.717,-184.42,
91.733,-184.08,
91.75,-183.68,
91.767,-183.31,
91.783,-183.27,
91.8,-183.08,
91.817,-182.86,
91.833,-182.41,
91.85,-182.16,
91.867,-182.06,
91.883,-181.91,
91.9,-181.8,
91.917,-181.63,
91.933,-181.58,
91.95,-181.48,
91.967,-181.21,
91.983,-181.06,
92,-180.83,
92.017,-180.56,
92.033,-180.36,
92.05,-179.97,
92.067,-179.63,
92.083,-179.48,
92.1,-179.38,
92.117,-179.44,
92.133,-179.81,
92.15,-179.64,
92.167,-179.47,
92.183,-179.2,
92.2,-178.86,
92.217,-178.34,
92.233,-178.13,
92.25,-177.73,
92.267,-177.47,
92.283,-177.12,
92.3,-177.04,
92.317,-176.8,
92.333,-176.88,
92.35,-176.63,
92.367,-176.22,
92.383,-176,
92.4,-175.77,
92.417,-175.55,
92.433,-175.15,
92.45,-174.81,
92.467,-174.41,
92.483,-174.25,
92.5,-174.03,
92.517,-173.92,
92.533,-173.75,
92.55,-173.62,
92.567,-173.5,
92.583,-173.34,
92.6,-173.16,
92.617,-172.78,
92.633,-172.55,
92.65,-172.32,
92.667,-171.85,
92.683,-171.32,
92.7,-170.79,
92.717,-170.55,
92.733,-170.19,
92.75,-170.07,
92.767,-169.69,
92.783,-169.67,
92.8,-169.61,
92.817,-169.21,
92.833,-168.5,
92.85,-167.61,
92.867,-167.21,
92.883,-166.96,
92.9,-166.66,
92.917,-166.5,
92.933,-166.45,
92.95,-166.32,
92.967,-166.13,
92.983,-165.64,
93,-165.05,
93.017,-164.92,
93.033,-165.09,
93.05,-165.09,
93.067,-164.82,
93.083,-164.47,
93.1,-164.2,
93.117,-163.84,
93.133,-163.57,
93.15,-163.34,
93.167,-163.35,
93.183,-163.27,
93.2,-163.15,
93.217,-163.09,
93.233,-163.04,
93.25,-162.66,
93.267,-162.01,
93.283,-161.54,
93.3,-161.49,
93.317,-161.27,
93.333,-160.69,
93.35,-160.05,
93.367,-159.63,
93.383,-159.57,
93.4,-159.57,
93.417,-159.53,
93.433,-159.24,
93.45,-158.91,
93.467,-158.67,
93.483,-158.27,
93.5,-158.04,
93.517,-157.53,
93.533,-156.96,
93.55,-156.63,
93.567,-156.46,
93.583,-156.3,
93.6,-156.08,
93.617,-156.04,
93.633,-155.81,
93.65,-155.59,
93.667,-155.33,
93.683,-155.29,
93.7,-155.26,
93.717,-155.04,
93.733,-154.85,
