+1.029999995654267+0.000000000000000i,+0.957212355676427+0.000000000000000i,+0.965210864820990+0.000000000000000i
+1.030002025120086+0.000000000000000i,+0.957211728037203+0.000000000000000i,+0.965209914624851+0.000000000000000i
+1.029999429875027+0.000000000000000i,+0.957212309836919+0.000000000000000i,+0.965210120156925+0.000000000000000i
+1.029999489612634+0.000000000000000i,+0.957212505958191+0.000000000000000i,+0.965210806042520+0.000000000000000i
+1.029999635040811+0.000000000000000i,+0.957214015315184+0.000000000000000i,+0.965211156627563+0.000000000000000i
+1.029999019800085+0.000000000000000i,+0.957211342772002+0.000000000000000i,+0.965210726156579+0.000000000000000i
+0.441057258519005+0.000000000000000i,+0.000000597215161+0.000000000000000i,+0.000003157979730+0.000000000000000i
+0.410398935924074+0.000000000000000i,+0.000000984861589+0.000000000000000i,+0.000003475217329+0.000000000000000i
+1.117504416667507+0.000000000000000i,-0.000000056889519+0.000000000000000i,+1.117502417007993+0.000000000000000i
+1.145056875941030+0.000000000000000i,-0.000000006335180+0.000000000000000i,+1.145060494221991+0.000000000000000i
+1.161880571379977+0.000000000000000i,-0.000000079638435+0.000000000000000i,+1.161882092094151+0.000000000000000i
+1.172301605213382+0.000000000000000i,-0.000000044605346+0.000000000000000i,+1.172297793825267+0.000000000000000i
+1.178921562274266+0.000000000000000i,+0.000000012232831+0.000000000000000i,+1.178920035300700+0.000000000000000i
+1.183319297691899+0.000000000000000i,-0.000000075358433+0.000000000000000i,+1.183315632788982+0.000000000000000i
+1.186422171694075+0.000000000000000i,+0.000000032642318+0.000000000000000i,+1.186427263535764+0.000000000000000i
+1.188815952857516+0.000000000000000i,-0.000000108657806+0.000000000000000i,+1.188814864377338+0.000000000000000i
+1.190825026486543+0.000000000000000i,-0.000000050188038+0.000000000000000i,+1.190832734064723+0.000000000000000i
+1.192640112495584+0.000000000000000i,+0.000000085156144+0.000000000000000i,+1.192651583151232+0.000000000000000i
+1.194397425742145+0.000000000000000i,-0.000000011398329+0.000000000000000i,+1.194402477945967+0.000000000000000i
+1.196133887158363+0.000000000000000i,+0.000000068181362+0.000000000000000i,+1.196136786626883+0.000000000000000i
+1.197932943957903+0.000000000000000i,-0.000000015112999+0.000000000000000i,+1.197901494701370+0.000000000000000i
+1.199735030836791+0.000000000000000i,+0.000000034620103+0.000000000000000i,+1.199732980318721+0.000000000000000i
+1.201611451640099+0.000000000000000i,+0.000000101004179+0.000000000000000i,+1.201621217330199+0.000000000000000i
+1.203578973852805+0.000000000000000i,+0.000000091959680+0.000000000000000i,+1.203578965194571+0.000000000000000i
+1.205590450185144+0.000000000000000i,+0.000000052287588+0.000000000000000i,+1.205590374005541+0.000000000000000i
+1.207660425586083+0.000000000000000i,+0.000000043207986+0.000000000000000i,+1.207660260254677+0.000000000000000i
+1.209784441497232+0.000000000000000i,-0.000000065734261+0.000000000000000i,+1.209784379278642+0.000000000000000i
+1.211957818706213+0.000000000000000i,-0.000000076637177+0.000000000000000i,+1.211957917558194+0.000000000000000i
+1.214175945315874+0.000000000000000i,+0.000000040756489+0.000000000000000i,+1.214176009557132+0.000000000000000i
+1.216433602537467+0.000000000000000i,-0.000000041420178+0.000000000000000i,+1.216433603068186+0.000000000000000i
+1.218727661343737+0.000000000000000i,+0.000000023224094+0.000000000000000i,+1.218726614787943+0.000000000000000i
+1.221050455964210+0.000000000000000i,+0.000000031800984+0.000000000000000i,+1.221050502717636+0.000000000000000i
+1.223399521563272+0.000000000000000i,+0.000000037080013+0.000000000000000i,+1.223399247246653+0.000000000000000i
+1.225770593815795+0.000000000000000i,+0.000000108066347+0.000000000000000i,+1.225770917285147+0.000000000000000i
+1.228162538145673+0.000000000000000i,-0.000000026526458+0.000000000000000i,+1.228165545381993+0.000000000000000i
+1.230568519057495+0.000000000000000i,-0.000000047389886+0.000000000000000i,+1.230562995440539+0.000000000000000i
+1.232987149091777+0.000000000000000i,+0.000000011600725+0.000000000000000i,+1.232990019483522+0.000000000000000i
+1.235409670038973+0.000000000000000i,+0.000000013587446+0.000000000000000i,+1.235413030907990+0.000000000000000i
+1.237830255430091+0.000000000000000i,-0.000000087374635+0.000000000000000i,+1.237835078820519+0.000000000000000i
+1.240259947464440+0.000000000000000i,+0.000000035950182+0.000000000000000i,+1.240259892412030+0.000000000000000i
+1.242688368686328+0.000000000000000i,-0.000000029479388+0.000000000000000i,+1.242688243380860+0.000000000000000i
+1.245112805995854+0.000000000000000i,-0.000000061627674+0.000000000000000i,+1.245112987190677+0.000000000000000i
+1.247531935656276+0.000000000000000i,+0.000000000672007+0.000000000000000i,+1.247531502346882+0.000000000000000i
+1.249942399675647+0.000000000000000i,+0.000000054263434+0.000000000000000i,+1.249941984709608+0.000000000000000i
+1.252343118364721+0.000000000000000i,-0.000000038501282+0.000000000000000i,+1.252342513207416+0.000000000000000i
+1.254730986317251+0.000000000000000i,+0.000000024377549+0.000000000000000i,+1.254732295468628+0.000000000000000i
+1.257104982182919+0.000000000000000i,-0.000000022146625+0.000000000000000i,+1.257102565026297+0.000000000000000i
+1.259471573068879+0.000000000000000i,+0.000000083294674+0.000000000000000i,+1.259463921405532+0.000000000000000i
+1.261795429578197+0.000000000000000i,-0.000000022036595+0.000000000000000i,+1.261778472780431+0.000000000000000i
+1.264140797600826+0.000000000000000i,+0.000000020748236+0.000000000000000i,+1.264121087101547+0.000000000000000i
+1.266426135155296+0.000000000000000i,-0.000000025332568+0.000000000000000i,+1.266426192857735+0.000000000000000i
+1.268705145502088+0.000000000000000i,+0.000000070688289+0.000000000000000i,+1.268705156350532+0.000000000000000i
+1.270960935595858+0.000000000000000i,-0.000000026306060+0.000000000000000i,+1.270960933587088+0.000000000000000i
+1.273192873620015+0.000000000000000i,+0.000000037785235+0.000000000000000i,+1.273192701482053+0.000000000000000i
+1.275398232263572+0.000000000000000i,+0.000000076719074+0.000000000000000i,+1.275398232556288+0.000000000000000i
+1.277577859199284+0.000000000000000i,-0.000000023068803+0.000000000000000i,+1.277577654680157+0.000000000000000i
+1.279725177379825+0.000000000000000i,+0.000000036723620+0.000000000000000i,+1.279729688026127+0.000000000000000i
+1.281847589088963+0.000000000000000i,-0.000000040409250+0.000000000000000i,+1.281849454672261+0.000000000000000i
+1.283974969251034+0.000000000000000i,+0.000000038176514+0.000000000000000i,+1.283938328281325+0.000000000000000i
+1.286036880377231+0.000000000000000i,+0.000000058617713+0.000000000000000i,+1.286029672527479+0.000000000000000i
+1.288040338571443+0.000000000000000i,-0.000000037388964+0.000000000000000i,+1.288040571259675+0.000000000000000i
+1.290040515182846+0.000000000000000i,+0.000000050424809+0.000000000000000i,+1.290040260884905+0.000000000000000i
+1.292007622790800+0.000000000000000i,-0.000000085093768+0.000000000000000i,+1.292007975613791+0.000000000000000i
+1.293941357533325+0.000000000000000i,-0.000000076080907+0.000000000000000i,+1.293941260816527+0.000000000000000i
+1.295845197377726+0.000000000000000i,-0.000000062211002+0.000000000000000i,+1.295842614971380+0.000000000000000i
+1.297712325353051+0.000000000000000i,+0.000000097506465+0.000000000000000i,+1.297702126357972+0.000000000000000i
+1.299551011886139+0.000000000000000i,+0.000000049769040+0.000000000000000i,+1.299552840307188+0.000000000000000i
+1.301332439978146+0.000000000000000i,-0.000000161622985+0.000000000000000i,+1.301332313213574+0.000000000000000i
+1.303090578137849+0.000000000000000i,-0.000000021449692+0.000000000000000i,+1.303090885007889+0.000000000000000i
+1.304812658161128+0.000000000000000i,+0.000000122554321+0.000000000000000i,+1.304812335611652+0.000000000000000i
+1.306496090565411+0.000000000000000i,-0.000000005157463+0.000000000000000i,+1.306496456385063+0.000000000000000i
+1.308143397263313+0.000000000000000i,-0.000000035283245+0.000000000000000i,+1.308142040997738+0.000000000000000i
+1.309752536060655+0.000000000000000i,-0.000000046457242+0.000000000000000i,+1.309753746859920+0.000000000000000i
+1.311320434424231+0.000000000000000i,+0.000000074255198+0.000000000000000i,+1.311343171727553+0.000000000000000i
+1.312868307743207+0.000000000000000i,+0.000000013677834+0.000000000000000i,+1.312856977968523+0.000000000000000i
+1.314346156850506+0.000000000000000i,-0.000000086322070+0.000000000000000i,+1.314346256742654+0.000000000000000i
+1.315798784394194+0.000000000000000i,-0.000000042107564+0.000000000000000i,+1.315798345937846+0.000000000000000i
+1.317211351623808+0.000000000000000i,+0.000000143902068+0.000000000000000i,+1.317211294394365+0.000000000000000i
+1.318583570382382+0.000000000000000i,+0.000000028730189+0.000000000000000i,+1.318587514482238+0.000000000000000i
+1.319914075678918+0.000000000000000i,-0.000000031632967+0.000000000000000i,+1.319918154329929+0.000000000000000i
+1.321201284567012+0.000000000000000i,+0.000000062926229+0.000000000000000i,+1.321192845458494+0.000000000000000i
+1.322454628782543+0.000000000000000i,+0.000000118476614+0.000000000000000i,+1.322454647689595+0.000000000000000i
+1.323662079620081+0.000000000000000i,-0.000000084876202+0.000000000000000i,+1.323662405254380+0.000000000000000i
+1.324828026181529+0.000000000000000i,-0.000000044703829+0.000000000000000i,+1.324828220948647+0.000000000000000i
+1.325954084864713+0.000000000000000i,+0.000000134774559+0.000000000000000i,+1.325953199469707+0.000000000000000i
+1.327028863759340+0.000000000000000i,+0.000000098568906+0.000000000000000i,+1.327029688577075+0.000000000000000i
+1.328104228968662+0.000000000000000i,+0.000000034645678+0.000000000000000i,+1.328064884345639+0.000000000000000i
+1.329067350197101+0.000000000000000i,-0.000000124890254+0.000000000000000i,+1.329067304876545+0.000000000000000i
+1.330019799490977+0.000000000000000i,-0.000000097698604+0.000000000000000i,+1.330019713507291+0.000000000000000i
+1.330928825987541+0.000000000000000i,-0.000000098759463+0.000000000000000i,+1.330928904598490+0.000000000000000i
+1.331791896878710+0.000000000000000i,+0.000000042668413+0.000000000000000i,+1.331795922907629+0.000000000000000i
+1.332617841826866+0.000000000000000i,-0.000000018364166+0.000000000000000i,+1.332614670816628+0.000000000000000i
+1.333391096412091+0.000000000000000i,-0.000000023545537+0.000000000000000i,+1.333384476265053+0.000000000000000i
+1.334125328868254+0.000000000000000i,+0.000000055434560+0.000000000000000i,+1.334125361169287+0.000000000000000i
+1.334813014441291+0.000000000000000i,-0.000000082394942+0.000000000000000i,+1.334813479312239+0.000000000000000i
+1.335457126502204+0.000000000000000i,-0.000000012013275+0.000000000000000i,+1.335455729539040+0.000000000000000i
+1.336057008166970+0.000000000000000i,+0.000000031089351+0.000000000000000i,+1.336054300519364+0.000000000000000i
+1.336615869219228+0.000000000000000i,+0.000000074427163+0.000000000000000i,+1.336604556940220+0.000000000000000i
+1.337095095080182+0.000000000000000i,+0.000000035624746+0.000000000000000i,+1.337091275420468+0.000000000000000i
+1.337575908889819+0.000000000000000i,-0.000000030702502+0.000000000000000i,+1.337575842039305+0.000000000000000i
+1.337991017780744+0.000000000000000i,-0.000000076284432+0.000000000000000i,+1.337991556473627+0.000000000000000i
+1.338361756791163+0.000000000000000i,-0.000000009572837+0.000000000000000i,+1.338359894459613+0.000000000000000i
+1.338684126553080+0.000000000000000i,-0.000000013504287+0.000000000000000i,+1.338679107329906+0.000000000000000i
+1.338965023007929+0.000000000000000i,+0.000000069940752+0.000000000000000i,+1.338959566309221+0.000000000000000i
+1.339187837925904+0.000000000000000i,+0.000000058191510+0.000000000000000i,+1.339187761304963+0.000000000000000i
+1.339369518508526+0.000000000000000i,+0.000000073357324+0.000000000000000i,+1.339369964997084+0.000000000000000i
+1.339504010840062+0.000000000000000i,+0.000000071602290+0.000000000000000i,+1.339502005676251+0.000000000000000i
+1.339591267571212+0.000000000000000i,+0.000000037779340+0.000000000000000i,+1.339587381848555+0.000000000000000i
+1.339592164215920+0.000000000000000i,+0.000000049768713+0.000000000000000i,+1.339645522845795+0.000000000000000i
+1.339621293815352+0.000000000000000i,-0.000000029446732+0.000000000000000i,+1.339620939201886+0.000000000000000i
+1.339563856377298+0.000000000000000i,+0.000000058935416+0.000000000000000i,+1.339563859376257+0.000000000000000i
+1.339456183712718+0.000000000000000i,-0.000000025821352+0.000000000000000i,+1.339456379860693+0.000000000000000i
+1.339303148330425+0.000000000000000i,-0.000000110395566+0.000000000000000i,+1.339305286955329+0.000000000000000i
+1.339122995007737+0.000000000000000i,+0.000000016848778+0.000000000000000i,+1.339104078195136+0.000000000000000i
+1.338847688540289+0.000000000000000i,+0.000000017697323+0.000000000000000i,+1.338847650222789+0.000000000000000i
+1.338545917330948+0.000000000000000i,-0.000000149546664+0.000000000000000i,+1.338545703486868+0.000000000000000i
+1.338193675860497+0.000000000000000i,+0.000000051974854+0.000000000000000i,+1.338192991772117+0.000000000000000i
+1.337788713196700+0.000000000000000i,+0.000000089836392+0.000000000000000i,+1.337795522988677+0.000000000000000i
+1.337340867894958+0.000000000000000i,+0.000000009401460+0.000000000000000i,+1.337340882260166+0.000000000000000i
+1.336838470367585+0.000000000000000i,-0.000000098610867+0.000000000000000i,+1.336839136319163+0.000000000000000i
+1.336286214149297+0.000000000000000i,+0.000000103780818+0.000000000000000i,+1.336287923617599+0.000000000000000i
+1.335681687591535+0.000000000000000i,-0.000000018508172+0.000000000000000i,+1.335682257404106+0.000000000000000i
+1.335026597748362+0.000000000000000i,+0.000000149430033+0.000000000000000i,+1.335024647677029+0.000000000000000i
+1.334322875799131+0.000000000000000i,+0.000000029078502+0.000000000000000i,+1.334322866419404+0.000000000000000i
+1.333565488854445+0.000000000000000i,-0.000000109094344+0.000000000000000i,+1.333565606250260+0.000000000000000i
+1.332758196540232+0.000000000000000i,+0.000000063651691+0.000000000000000i,+1.332757170501306+0.000000000000000i
+1.331894986321725+0.000000000000000i,+0.000000010791170+0.000000000000000i,+1.331901585804013+0.000000000000000i
+1.330981890212662+0.000000000000000i,-0.000000106673850+0.000000000000000i,+1.330981800264526+0.000000000000000i
+1.330015742291837+0.000000000000000i,+0.000000043224595+0.000000000000000i,+1.330015785766318+0.000000000000000i
+1.328997501492085+0.000000000000000i,-0.000000079219469+0.000000000000000i,+1.328996436507214+0.000000000000000i
+1.327922343910421+0.000000000000000i,-0.000000015973918+0.000000000000000i,+1.327928314439299+0.000000000000000i
+1.326811580138278+0.000000000000000i,+0.000000036092305+0.000000000000000i,+1.326803358927206+0.000000000000000i
+1.325621802161391+0.000000000000000i,+0.000000111362504+0.000000000000000i,+1.325621300532680+0.000000000000000i
+1.324388232660925+0.000000000000000i,-0.000000120934052+0.000000000000000i,+1.324388251908496+0.000000000000000i
+1.323099331913354+0.000000000000000i,+0.000000103813047+0.000000000000000i,+1.323101066651951+0.000000000000000i
+1.321765999745515+0.000000000000000i,+0.000000080417377+0.000000000000000i,+1.321759581346378+0.000000000000000i
+1.320365612784156+0.000000000000000i,+0.000000024103179+0.000000000000000i,+1.320365539613879+0.000000000000000i
+1.318914656710880+0.000000000000000i,+0.000000024605545+0.000000000000000i,+1.318915856606614+0.000000000000000i
+1.317405666703287+0.000000000000000i,+0.000000036521134+0.000000000000000i,+1.317408032834272+0.000000000000000i
+1.315849316388271+0.000000000000000i,-0.000000018152137+0.000000000000000i,+1.315848790273753+0.000000000000000i
+1.314231311161573+0.000000000000000i,+0.000000003163388+0.000000000000000i,+1.314231241627030+0.000000000000000i
+1.312558915974214+0.000000000000000i,-0.000000103228642+0.000000000000000i,+1.312558664083093+0.000000000000000i
+1.310829765064940+0.000000000000000i,-0.000000016711437+0.000000000000000i,+1.310828769246470+0.000000000000000i
+1.309034807924550+0.000000000000000i,+0.000000000471120+0.000000000000000i,+1.309044272508188+0.000000000000000i
+1.307200931076849+0.000000000000000i,+0.000000102093882+0.000000000000000i,+1.307200967984925+0.000000000000000i
+1.305300923347662+0.000000000000000i,+0.000000008313517+0.000000000000000i,+1.305301645425621+0.000000000000000i
+1.303345929337716+0.000000000000000i,+0.000000028491659+0.000000000000000i,+1.303342881658472+0.000000000000000i
+1.301331063694971+0.000000000000000i,+0.000000006461609+0.000000000000000i,+1.301319605562745+0.000000000000000i
+1.299256329340850+0.000000000000000i,+0.000000048203411+0.000000000000000i,+1.299256242638214+0.000000000000000i
+1.297124873774151+0.000000000000000i,+0.000000005648432+0.000000000000000i,+1.297125670150946+0.000000000000000i
+1.294929948433794+0.000000000000000i,-0.000000072718857+0.000000000000000i,+1.294935957441944+0.000000000000000i
+1.292722977075315+0.000000000000000i,-0.000000081147303+0.000000000000000i,+1.292683216025177+0.000000000000000i
+1.290378303929189+0.000000000000000i,+0.000000085439335+0.000000000000000i,+1.290378574535523+0.000000000000000i
+1.288011444688863+0.000000000000000i,-0.000000223745383+0.000000000000000i,+1.288010326262067+0.000000000000000i
+1.285580742821037+0.000000000000000i,+0.000000032288291+0.000000000000000i,+1.285583408534835+0.000000000000000i
+1.283097458127179+0.000000000000000i,+0.000000047623077+0.000000000000000i,+1.283117845267292+0.000000000000000i
+1.280548120897858+0.000000000000000i,-0.000000034767506+0.000000000000000i,+1.280548388595436+0.000000000000000i
+1.277940690201839+0.000000000000000i,+0.000000102925969+0.000000000000000i,+1.277939858874237+0.000000000000000i
+1.275273822424111+0.000000000000000i,+0.000000128663693+0.000000000000000i,+1.275272846454431+0.000000000000000i
+1.272539051853338+0.000000000000000i,+0.000000051502227+0.000000000000000i,+1.272539129699867+0.000000000000000i
+1.269747085558103+0.000000000000000i,-0.000000029342312+0.000000000000000i,+1.269747156502597+0.000000000000000i
+1.266892378073668+0.000000000000000i,+0.000000033863528+0.000000000000000i,+1.266894202774923+0.000000000000000i
+1.263966319951261+0.000000000000000i,+0.000000107975277+0.000000000000000i,+1.263979331032051+0.000000000000000i
+1.260996567668106+0.000000000000000i,-0.000000100215842+0.000000000000000i,+1.260996615564838+0.000000000000000i
+1.257954371238226+0.000000000000000i,-0.000000047307115+0.000000000000000i,+1.257955224785693+0.000000000000000i
+1.254846352048424+0.000000000000000i,-0.000000070908317+0.000000000000000i,+1.254844079559240+0.000000000000000i
+1.251673661633683+0.000000000000000i,+0.000000066023744+0.000000000000000i,+1.251679245567555+0.000000000000000i
+1.248447320053649+0.000000000000000i,-0.000000038429012+0.000000000000000i,+1.248447723216043+0.000000000000000i
+1.245152457269664+0.000000000000000i,-0.000000108954825+0.000000000000000i,+1.245150549121938+0.000000000000000i
+1.241783701738318+0.000000000000000i,+0.000000020843024+0.000000000000000i,+1.241802240993794+0.000000000000000i
+1.238362929785006+0.000000000000000i,-0.000000081414718+0.000000000000000i,+1.238363021565027+0.000000000000000i
+1.234870916333463+0.000000000000000i,+0.000000108398435+0.000000000000000i,+1.234871797037367+0.000000000000000i
+1.231317443192788+0.000000000000000i,-0.000000030657035+0.000000000000000i,+1.231314534741161+0.000000000000000i
+1.227735255469380+0.000000000000000i,-0.000000016234568+0.000000000000000i,+1.227690522416890+0.000000000000000i
+1.224001898082991+0.000000000000000i,-0.000000002200426+0.000000000000000i,+1.224001711837785+0.000000000000000i
+1.220242615001620+0.000000000000000i,+0.000000002900176+0.000000000000000i,+1.220244119313401+0.000000000000000i
+1.216444577866174+0.000000000000000i,+0.000000015625768+0.000000000000000i,+1.216436149338652+0.000000000000000i
+1.212532793825688+0.000000000000000i,-0.000000098414425+0.000000000000000i,+1.212532630604772+0.000000000000000i
+1.208575192166307+0.000000000000000i,+0.000000005063379+0.000000000000000i,+1.208574067943494+0.000000000000000i
+1.204546094267198+0.000000000000000i,-0.000000054705360+0.000000000000000i,+1.204546696701708+0.000000000000000i
+1.200457457471890+0.000000000000000i,+0.000000031389644+0.000000000000000i,+1.200457406639278+0.000000000000000i
+1.196304300108459+0.000000000000000i,+0.000000034935870+0.000000000000000i,+1.196303896283122+0.000000000000000i
+1.192092346194554+0.000000000000000i,+0.000000071654483+0.000000000000000i,+1.192094347372099+0.000000000000000i
+1.187844224560763+0.000000000000000i,+0.000000019454734+0.000000000000000i,+1.187833887461333+0.000000000000000i
+1.183553309897166+0.000000000000000i,+0.000000103497485+0.000000000000000i,+1.183553156833413+0.000000000000000i
+1.179239038899361+0.000000000000000i,+0.000000041484810+0.000000000000000i,+1.179236469728804+0.000000000000000i
+1.174884841635666+0.000000000000000i,-0.000000019536409+0.000000000000000i,+1.174919158792455+0.000000000000000i
+1.170569856011885+0.000000000000000i,+0.000000007154476+0.000000000000000i,+1.170569734531183+0.000000000000000i
+1.166238524045109+0.000000000000000i,-0.000000004563213+0.000000000000000i,+1.166237907720783+0.000000000000000i
+1.161914631577423+0.000000000000000i,+0.000000056823803+0.000000000000000i,+1.161912358153939+0.000000000000000i
+1.157616939923479+0.000000000000000i,-0.000000148313734+0.000000000000000i,+1.157617033111483+0.000000000000000i
+1.153345451418081+0.000000000000000i,+0.000000021354999+0.000000000000000i,+1.153345309429606+0.000000000000000i
+1.149108353751661+0.000000000000000i,-0.000000051339428+0.000000000000000i,+1.149106028725338+0.000000000000000i
+1.144901083238576+0.000000000000000i,+0.000000166751066+0.000000000000000i,+1.144875638563096+0.000000000000000i
+1.140748973101551+0.000000000000000i,+0.000000038700730+0.000000000000000i,+1.140749585797083+0.000000000000000i
+1.136636758658743+0.000000000000000i,-0.000000082395304+0.000000000000000i,+1.136639904778954+0.000000000000000i
+1.132565302346251+0.000000000000000i,+0.000000044442297+0.000000000000000i,+1.132553068297456+0.000000000000000i
+1.128565170866085+0.000000000000000i,-0.000000002271731+0.000000000000000i,+1.128565314529385+0.000000000000000i
+1.124606289638585+0.000000000000000i,+0.000000086984997+0.000000000000000i,+1.124607222735492+0.000000000000000i
+1.120704701406242+0.000000000000000i,+0.000000000599926+0.000000000000000i,+1.120721363051911+0.000000000000000i
+1.116851154434033+0.000000000000000i,+0.000000148433532+0.000000000000000i,+1.116850989260638+0.000000000000000i
+1.113055342021388+0.000000000000000i,-0.000000009895944+0.000000000000000i,+1.113054961955817+0.000000000000000i
+1.109334201262325+0.000000000000000i,+0.000000072565221+0.000000000000000i,+1.109311457907747+0.000000000000000i
+1.105626994818838+0.000000000000000i,+0.000000030792707+0.000000000000000i,+1.105626862352935+0.000000000000000i
+1.101995216288544+0.000000000000000i,+0.000000052560418+0.000000000000000i,+1.101994371516790+0.000000000000000i
+1.098413537421302+0.000000000000000i,-0.000000060810663+0.000000000000000i,+1.098413127252905+0.000000000000000i
+1.094892903863372+0.000000000000000i,-0.000000104983398+0.000000000000000i,+1.094893147055814+0.000000000000000i
+1.091422163432193+0.000000000000000i,+0.000000049190424+0.000000000000000i,+1.091424013961060+0.000000000000000i
+1.087995803576463+0.000000000000000i,-0.000000035430136+0.000000000000000i,+1.088000484933158+0.000000000000000i
+1.084642262435112+0.000000000000000i,-0.000000042847077+0.000000000000000i,+1.084642512566371+0.000000000000000i
+1.081331178492566+0.000000000000000i,+0.000000032488111+0.000000000000000i,+1.081329947306129+0.000000000000000i
+1.078075712963841+0.000000000000000i,+0.000000036831141+0.000000000000000i,+1.078065524982362+0.000000000000000i
+1.074866546861288+0.000000000000000i,+0.000000022825806+0.000000000000000i,+1.074866561654479+0.000000000000000i
+1.071711032554235+0.000000000000000i,+0.000000004621611+0.000000000000000i,+1.071711234885578+0.000000000000000i
+1.068611573887029+0.000000000000000i,+0.000000026584071+0.000000000000000i,+1.068601571664355+0.000000000000000i
+1.065559818953249+0.000000000000000i,+0.000000030171250+0.000000000000000i,+1.065559992334243+0.000000000000000i
+1.062559679123382+0.000000000000000i,+0.000000068747229+0.000000000000000i,+1.062561190480606+0.000000000000000i
+1.059610584787693+0.000000000000000i,+0.000000029001264+0.000000000000000i,+1.059612615263812+0.000000000000000i
+1.056718883624831+0.000000000000000i,+0.000000054522718+0.000000000000000i,+1.056718990030720+0.000000000000000i
+1.053875362222795+0.000000000000000i,+0.000000003618640+0.000000000000000i,+1.053874026995363+0.000000000000000i
+1.051080270660551+0.000000000000000i,+0.000000028157113+0.000000000000000i,+1.051089201330992+0.000000000000000i
+1.048341472970957+0.000000000000000i,-0.000000003948380+0.000000000000000i,+1.048341555311946+0.000000000000000i
+1.045650894750431+0.000000000000000i,+0.000000102853397+0.000000000000000i,+1.045651579236554+0.000000000000000i
+1.043013886143866+0.000000000000000i,-0.000000022316225+0.000000000000000i,+1.043010995117678+0.000000000000000i
+1.040426259280571+0.000000000000000i,+0.000000077547186+0.000000000000000i,+1.040425986988092+0.000000000000000i
+1.037890417710468+0.000000000000000i,+0.000000048625271+0.000000000000000i,+1.037886630299274+0.000000000000000i
+1.035428807288521+0.000000000000000i,+0.000000000777312+0.000000000000000i,+1.035397308309083+0.000000000000000i
+1.032970064165558+0.000000000000000i,-0.000000019326024+0.000000000000000i,+1.032970466224974+0.000000000000000i
+1.030587278692743+0.000000000000000i,+0.000000065989253+0.000000000000000i,+1.030585826724261+0.000000000000000i
+1.028262598574310+0.000000000000000i,+0.000000010503703+0.000000000000000i,+1.028284076597043+0.000000000000000i
+1.025971377282663+0.000000000000000i,-0.000000048532576+0.000000000000000i,+1.025971114754950+0.000000000000000i
+1.023741585366306+0.000000000000000i,+0.000000024723401+0.000000000000000i,+1.023742089964744+0.000000000000000i
+1.021564090715363+0.000000000000000i,-0.000000022094629+0.000000000000000i,+1.021540048023490+0.000000000000000i
+1.019424457362202+0.000000000000000i,+0.000000138579556+0.000000000000000i,+1.019424356960851+0.000000000000000i
+1.017341443235317+0.000000000000000i,-0.000000068814364+0.000000000000000i,+1.017338159583835+0.000000000000000i
+1.015307594874125+0.000000000000000i,-0.000000018719711+0.000000000000000i,+1.015307530926850+0.000000000000000i
+1.013322635177703+0.000000000000000i,-0.000000095225459+0.000000000000000i,+1.013322332343900+0.000000000000000i
+1.011395982387166+0.000000000000000i,+0.000000045784204+0.000000000000000i,+1.011387123191772+0.000000000000000i
+1.009498852093630+0.000000000000000i,-0.000000150192248+0.000000000000000i,+1.009498604036803+0.000000000000000i
+1.007658189784031+0.000000000000000i,-0.000000093513282+0.000000000000000i,+1.007658371291487+0.000000000000000i
+1.005876916334593+0.000000000000000i,-0.000000027376303+0.000000000000000i,+1.005855415920439+0.000000000000000i
+1.004122204817003+0.000000000000000i,+0.000000030871728+0.000000000000000i,+1.004122277542583+0.000000000000000i
+1.002425668815546+0.000000000000000i,-0.000000010944948+0.000000000000000i,+1.002423776853880+0.000000000000000i
+1.000786373456356+0.000000000000000i,+0.000000006087407+0.000000000000000i,+1.000749452378325+0.000000000000000i
+0.999169293984117+0.000000000000000i,+0.000000031465936+0.000000000000000i,+0.999169494550558+0.000000000000000i
+0.997614425725218+0.000000000000000i,+0.000000030134186+0.000000000000000i,+0.997611313808829+0.000000000000000i
+0.996098037204952+0.000000000000000i,-0.000000101664942+0.000000000000000i,+0.996098026098977+0.000000000000000i
+0.994631046331495+0.000000000000000i,+0.000000031039740+0.000000000000000i,+0.994629468548676+0.000000000000000i
+0.993207268226516+0.000000000000000i,+0.000000026178663+0.000000000000000i,+0.993214613660284+0.000000000000000i
+0.991828816799998+0.000000000000000i,-0.000000097754632+0.000000000000000i,+0.991829117099560+0.000000000000000i
+0.990495002636999+0.000000000000000i,+0.000000023511649+0.000000000000000i,+0.990494096617676+0.000000000000000i
+0.989195389043312+0.000000000000000i,-0.000000009718795+0.000000000000000i,+0.989196715412798+0.000000000000000i
+0.987956447312211+0.000000000000000i,-0.000000079750091+0.000000000000000i,+0.987956367592265+0.000000000000000i
+0.986753331996308+0.000000000000000i,-0.000000116611646+0.000000000000000i,+0.986752427641156+0.000000000000000i
+0.985588907448714+0.000000000000000i,+0.000000024858007+0.000000000000000i,+0.985588872532049+0.000000000000000i
+0.984468342166617+0.000000000000000i,+0.000000061852332+0.000000000000000i,+0.984467719501553+0.000000000000000i
+0.983386564306327+0.000000000000000i,+0.000000081486056+0.000000000000000i,+0.983390257199448+0.000000000000000i
+0.982349976894878+0.000000000000000i,-0.000000037774159+0.000000000000000i,+0.982350218522062+0.000000000000000i
+0.981351828473088+0.000000000000000i,-0.000000004917009+0.000000000000000i,+0.981351933430656+0.000000000000000i
+0.980381992291703+0.000000000000000i,+0.000000046285127+0.000000000000000i,+0.980409723095770+0.000000000000000i
+0.979474733112706+0.000000000000000i,+0.000000017131303+0.000000000000000i,+0.979475130433637+0.000000000000000i
+0.978591665401645+0.000000000000000i,+0.000000020977066+0.000000000000000i,+0.978594060652955+0.000000000000000i
+0.977753857822387+0.000000000000000i,-0.000000025950640+0.000000000000000i,+0.977753756377506+0.000000000000000i
+0.976950225897896+0.000000000000000i,-0.000000004917406+0.000000000000000i,+0.976951217101743+0.000000000000000i
+0.976187076128699+0.000000000000000i,+0.000000073860574+0.000000000000000i,+0.976186207135226+0.000000000000000i
+0.975455911311877+0.000000000000000i,+0.000000069552568+0.000000000000000i,+0.975456197863654+0.000000000000000i
+0.974764141881088+0.000000000000000i,+0.000000029082423+0.000000000000000i,+0.974765189236476+0.000000000000000i
+0.974099058653006+0.000000000000000i,+0.000000048884625+0.000000000000000i,+0.974102405744409+0.000000000000000i
+0.973486071162808+0.000000000000000i,+0.000000101947737+0.000000000000000i,+0.973486322311717+0.000000000000000i
+0.972898886149504+0.000000000000000i,+0.000000061020439+0.000000000000000i,+0.972895151728786+0.000000000000000i
+0.972349469250154+0.000000000000000i,-0.000000051781591+0.000000000000000i,+0.972349271467416+0.000000000000000i
+0.971831105575187+0.000000000000000i,+0.000000023160815+0.000000000000000i,+0.971833019763483+0.000000000000000i
+0.971367266466723+0.000000000000000i,-0.000000083462437+0.000000000000000i,+0.971344651886263+0.000000000000000i
+0.970896825922781+0.000000000000000i,-0.000000070901375+0.000000000000000i,+0.970896303475952+0.000000000000000i
+0.970472800046573+0.000000000000000i,-0.000000046619826+0.000000000000000i,+0.970476433781908+0.000000000000000i
+0.970091176976151+0.000000000000000i,+0.000000033773768+0.000000000000000i,+0.970091100218070+0.000000000000000i
+0.969735418477695+0.000000000000000i,+0.000000002152241+0.000000000000000i,+0.969733999010937+0.000000000000000i
+0.969414806037166+0.000000000000000i,-0.000000103752887+0.000000000000000i,+0.969428527926597+0.000000000000000i
+0.969116247430982+0.000000000000000i,-0.000000048485910+0.000000000000000i,+0.969116591097321+0.000000000000000i
+0.968850795770360+0.000000000000000i,+0.000000006583245+0.000000000000000i,+0.968850910420358+0.000000000000000i
+0.968616536507918+0.000000000000000i,-0.000000003368836+0.000000000000000i,+0.968616583709618+0.000000000000000i
+0.968408693785843+0.000000000000000i,-0.000000057905229+0.000000000000000i,+0.968410006387033+0.000000000000000i
+0.968225668771676+0.000000000000000i,+0.000000101017381+0.000000000000000i,+0.968240658866294+0.000000000000000i
+0.968081446802248+0.000000000000000i,-0.000000011035668+0.000000000000000i,+0.968081012839152+0.000000000000000i
+0.967953353663164+0.000000000000000i,+0.000000138912498+0.000000000000000i,+0.967954860323619+0.000000000000000i
+0.967860494583439+0.000000000000000i,+0.000000056289227+0.000000000000000i,+0.967860410981132+0.000000000000000i
+0.967789791980605+0.000000000000000i,+0.000000139602826+0.000000000000000i,+0.967789323976965+0.000000000000000i
+0.967740705256756+0.000000000000000i,-0.000000014157267+0.000000000000000i,+0.967743050075834+0.000000000000000i
+0.967724447829514+0.000000000000000i,-0.000000037444269+0.000000000000000i,+0.967724751536977+0.000000000000000i
+0.967728145301217+0.000000000000000i,+0.000000018712120+0.000000000000000i,+0.967724797112177+0.000000000000000i
+0.967757490462860+0.000000000000000i,-0.000000164580031+0.000000000000000i,+0.967757690750696+0.000000000000000i
+0.967810363655853+0.000000000000000i,+0.000000014510947+0.000000000000000i,+0.967808977621750+0.000000000000000i
+0.967888876433862+0.000000000000000i,-0.000000062963244+0.000000000000000i,+0.967896584712409+0.000000000000000i
+0.967982677577096+0.000000000000000i,+0.000000054393510+0.000000000000000i,+0.967982412643189+0.000000000000000i
+0.968102105187209+0.000000000000000i,+0.000000120791869+0.000000000000000i,+0.968099572090620+0.000000000000000i
+0.968243832586846+0.000000000000000i,+0.000000043117041+0.000000000000000i,+0.968243937556851+0.000000000000000i
+0.968405344912363+0.000000000000000i,-0.000000047764327+0.000000000000000i,+0.968405305128662+0.000000000000000i
+0.968587360687203+0.000000000000000i,-0.000000016338661+0.000000000000000i,+0.968590181658415+0.000000000000000i
+0.968792025267583+0.000000000000000i,+0.000000034018864+0.000000000000000i,+0.968791332407510+0.000000000000000i
+0.969010033519647+0.000000000000000i,-0.000000029325223+0.000000000000000i,+0.969011334045137+0.000000000000000i
+0.969256125460155+0.000000000000000i,+0.000000057291910+0.000000000000000i,+0.969256330049326+0.000000000000000i
+0.969518872940892+0.000000000000000i,+0.000000099054778+0.000000000000000i,+0.969516480468933+0.000000000000000i
+0.969799393101682+0.000000000000000i,-0.000000054777962+0.000000000000000i,+0.969816614354310+0.000000000000000i
+0.970090131873715+0.000000000000000i,-0.000000053522528+0.000000000000000i,+0.970091077746093+0.000000000000000i
+0.970394327391626+0.000000000000000i,+0.000000095933530+0.000000000000000i,+0.970402517452322+0.000000000000000i
+0.970733187980062+0.000000000000000i,-0.000000019875289+0.000000000000000i,+0.970733450182114+0.000000000000000i
+0.971080353111986+0.000000000000000i,+0.000000080445102+0.000000000000000i,+0.971077165494079+0.000000000000000i
+0.971440814472367+0.000000000000000i,+0.000000059905596+0.000000000000000i,+0.971440845833825+0.000000000000000i
+0.971818271339737+0.000000000000000i,-0.000000014113925+0.000000000000000i,+0.971816614153572+0.000000000000000i
+0.972211560426284+0.000000000000000i,+0.000000125385626+0.000000000000000i,+0.972209812411158+0.000000000000000i
+0.972616446154297+0.000000000000000i,-0.000000006098641+0.000000000000000i,+0.972616200770343+0.000000000000000i
+0.973038796570555+0.000000000000000i,+0.000000069129703+0.000000000000000i,+0.973040600973530+0.000000000000000i
+0.973469666381211+0.000000000000000i,+0.000000023011927+0.000000000000000i,+0.973469705729186+0.000000000000000i
+0.973917293339733+0.000000000000000i,-0.000000057731301+0.000000000000000i,+0.973913106463294+0.000000000000000i
+0.974375669730086+0.000000000000000i,+0.000000028105105+0.000000000000000i,+0.974375739991060+0.000000000000000i
+0.974848383475275+0.000000000000000i,+0.000000028079321+0.000000000000000i,+0.974847753734605+0.000000000000000i
+0.975328222719692+0.000000000000000i,-0.000000103367138+0.000000000000000i,+0.975331084709214+0.000000000000000i
+0.975824757691619+0.000000000000000i,-0.000000001496652+0.000000000000000i,+0.975824842444850+0.000000000000000i
+0.976333980460161+0.000000000000000i,+0.000000017855219+0.000000000000000i,+0.976333363751516+0.000000000000000i
+0.976846726661463+0.000000000000000i,-0.000000137391265+0.000000000000000i,+0.976846522235313+0.000000000000000i
+0.977373332161906+0.000000000000000i,+0.000000090063756+0.000000000000000i,+0.977371821949925+0.000000000000000i
+0.977902227818631+0.000000000000000i,+0.000000059794865+0.000000000000000i,+0.977911089715228+0.000000000000000i
+0.978453391780110+0.000000000000000i,+0.000000040821324+0.000000000000000i,+0.978454119452124+0.000000000000000i
+0.979010783060378+0.000000000000000i,+0.000000129552849+0.000000000000000i,+0.978996723080164+0.000000000000000i
+0.979570377569458+0.000000000000000i,+0.000000088770595+0.000000000000000i,+0.979570497414190+0.000000000000000i
+0.980134898427767+0.000000000000000i,-0.000000108361905+0.000000000000000i,+0.980145421045542+0.000000000000000i
+0.980720060839183+0.000000000000000i,+0.000000077950957+0.000000000000000i,+0.980720035240602+0.000000000000000i
+0.981304509344702+0.000000000000000i,+0.000000013997450+0.000000000000000i,+0.981304120591909+0.000000000000000i
+0.981899007019562+0.000000000000000i,+0.000000022628414+0.000000000000000i,+0.981899107423269+0.000000000000000i
+0.982499029418099+0.000000000000000i,+0.000000049647041+0.000000000000000i,+0.982499628985090+0.000000000000000i
+0.983105474242912+0.000000000000000i,-0.000000015559420+0.000000000000000i,+0.983111680955983+0.000000000000000i
+0.983716723061117+0.000000000000000i,+0.000000076359852+0.000000000000000i,+0.983716630558898+0.000000000000000i
+0.984335208354282+0.000000000000000i,+0.000000052435390+0.000000000000000i,+0.984331712741564+0.000000000000000i
+0.984957236556633+0.000000000000000i,+0.000000022780332+0.000000000000000i,+0.984956991625119+0.000000000000000i
+0.985581507604657+0.000000000000000i,-0.000000005911541+0.000000000000000i,+0.985582027303276+0.000000000000000i
+0.986217423770767+0.000000000000000i,-0.000000018999126+0.000000000000000i,+0.986217527224499+0.000000000000000i
+0.986855712020681+0.000000000000000i,+0.000000052816019+0.000000000000000i,+0.986854997138668+0.000000000000000i
+0.987497154502368+0.000000000000000i,-0.000000061601030+0.000000000000000i,+0.987499088111053+0.000000000000000i
+0.988138524850112+0.000000000000000i,-0.000000000588184+0.000000000000000i,+0.988138327831759+0.000000000000000i
+0.988797347168464+0.000000000000000i,+0.000000089731313+0.000000000000000i,+0.988777959055297+0.000000000000000i
+0.989437438483996+0.000000000000000i,-0.000000013026799+0.000000000000000i,+0.989437326742058+0.000000000000000i
+0.990093560270336+0.000000000000000i,-0.000000002293953+0.000000000000000i,+0.990093796271331+0.000000000000000i
+0.990746376976522+0.000000000000000i,-0.000000006761460+0.000000000000000i,+0.990746854875009+0.000000000000000i
+0.991404111647353+0.000000000000000i,+0.000000048126614+0.000000000000000i,+0.991405265626239+0.000000000000000i
+0.992064778880604+0.000000000000000i,-0.000000047510117+0.000000000000000i,+0.992064785920137+0.000000000000000i
+0.992725282759924+0.000000000000000i,-0.000000040758174+0.000000000000000i,+0.992726244884113+0.000000000000000i
+0.993396055041687+0.000000000000000i,+0.000000068596617+0.000000000000000i,+0.993395195307564+0.000000000000000i
+0.994052361567646+0.000000000000000i,-0.000000037321954+0.000000000000000i,+0.994052413751553+0.000000000000000i
+0.994720416371152+0.000000000000000i,-0.000000001834160+0.000000000000000i,+0.994708340291121+0.000000000000000i
+0.995382649105170+0.000000000000000i,+0.000000004706487+0.000000000000000i,+0.995382885372271+0.000000000000000i
+0.996049284815465+0.000000000000000i,+0.000000090260131+0.000000000000000i,+0.996043800626371+0.000000000000000i
+0.996713136766672+0.000000000000000i,-0.000000048823884+0.000000000000000i,+0.996713100244572+0.000000000000000i
+0.997379466874039+0.000000000000000i,-0.000000002676564+0.000000000000000i,+0.997380013279238+0.000000000000000i
+0.998043317626315+0.000000000000000i,+0.000000065155308+0.000000000000000i,+0.998043347738971+0.000000000000000i
+0.998708406310243+0.000000000000000i,-0.000000086284811+0.000000000000000i,+0.998707765108698+0.000000000000000i
+0.999370551948083+0.000000000000000i,+0.000000067937439+0.000000000000000i,+0.999370486471125+0.000000000000000i
+1.000032790536029+0.000000000000000i,+0.000000027771170+0.000000000000000i,+1.000034081244272+0.000000000000000i
+1.000704566142627+0.000000000000000i,+0.000000092601244+0.000000000000000i,+1.000685330291440+0.000000000000000i
+1.001352241782629+0.000000000000000i,-0.000000055657855+0.000000000000000i,+1.001352322065043+0.000000000000000i
+1.002006587198848+0.000000000000000i,+0.000000055273327+0.000000000000000i,+1.002001134441217+0.000000000000000i
+1.002664636932279+0.000000000000000i,-0.000000082456714+0.000000000000000i,+1.002664708568117+0.000000000000000i
+1.003316188083886+0.000000000000000i,-0.000000096405763+0.000000000000000i,+1.003315904318412+0.000000000000000i
+1.003968802038502+0.000000000000000i,-0.000000007798198+0.000000000000000i,+1.003969082940643+0.000000000000000i
+1.004618240257604+0.000000000000000i,+0.000000119254544+0.000000000000000i,+1.004618911321274+0.000000000000000i
+1.005262770734613+0.000000000000000i,+0.000000162291160+0.000000000000000i,+1.005262632868646+0.000000000000000i
+1.005904039023610+0.000000000000000i,-0.000000070019615+0.000000000000000i,+1.005904245005741+0.000000000000000i
+1.006544686736888+0.000000000000000i,-0.000000093404203+0.000000000000000i,+1.006544782218834+0.000000000000000i
+1.007181763245073+0.000000000000000i,+0.000000042571591+0.000000000000000i,+1.007180873338864+0.000000000000000i
+1.007855415947571+0.000000000000000i,+0.000000145389406+0.000000000000000i,+1.007812882474449+0.000000000000000i
+1.008442776158023+0.000000000000000i,+0.000000036791844+0.000000000000000i,+1.008443207316569+0.000000000000000i
+1.009056099318762+0.000000000000000i,+0.000000055055368+0.000000000000000i,+1.009070386304062+0.000000000000000i
+1.009689917786339+0.000000000000000i,-0.000000012923533+0.000000000000000i,+1.009689733912315+0.000000000000000i
+1.010301580646844+0.000000000000000i,-0.000000009988220+0.000000000000000i,+1.010308984625179+0.000000000000000i
+1.010921080001139+0.000000000000000i,+0.000000032972994+0.000000000000000i,+1.010921561593482+0.000000000000000i
+1.011523818158342+0.000000000000000i,+0.000000062252551+0.000000000000000i,+1.011529742342040+0.000000000000000i
+1.012135265507488+0.000000000000000i,-0.000000009936043+0.000000000000000i,+1.012135168492106+0.000000000000000i
+1.012728606652877+0.000000000000000i,-0.000000027644359+0.000000000000000i,+1.012734180056036+0.000000000000000i
+1.013330464100424+0.000000000000000i,+0.000000069466813+0.000000000000000i,+1.013330615397833+0.000000000000000i
+1.013919585072166+0.000000000000000i,+0.000000077019838+0.000000000000000i,+1.013922540277430+0.000000000000000i
+1.014506914012538+0.000000000000000i,+0.000000001453266+0.000000000000000i,+1.014506947991639+0.000000000000000i
+1.015087100918473+0.000000000000000i,-0.000000094911960+0.000000000000000i,+1.015087441871201+0.000000000000000i
+1.015644280349489+0.000000000000000i,+0.000000055928684+0.000000000000000i,+1.015639350988967+0.000000000000000i
+1.016233825167191+0.000000000000000i,+0.000000027603356+0.000000000000000i,+1.016231457381290+0.000000000000000i
+1.016792007475257+0.000000000000000i,-0.000000023592454+0.000000000000000i,+1.016777297248896+0.000000000000000i
+1.017357697730122+0.000000000000000i,+0.000000098823815+0.000000000000000i,+1.017357852366769+0.000000000000000i
+1.017910327764970+0.000000000000000i,-0.000000108556243+0.000000000000000i,+1.017895825224335+0.000000000000000i
+1.018459892619929+0.000000000000000i,+0.000000051855836+0.000000000000000i,+1.018459734139942+0.000000000000000i
+1.019004637025157+0.000000000000000i,-0.000000024175421+0.000000000000000i,+1.018993326827351+0.000000000000000i
+1.019539343578866+0.000000000000000i,+0.000000059524020+0.000000000000000i,+1.019539592777159+0.000000000000000i
+1.020068013632079+0.000000000000000i,+0.000000154733251+0.000000000000000i,+1.020071115371095+0.000000000000000i
+1.020595317606980+0.000000000000000i,+0.000000019951231+0.000000000000000i,+1.020595499850976+0.000000000000000i
+1.021112785800181+0.000000000000000i,-0.000000095368694+0.000000000000000i,+1.021117352040169+0.000000000000000i
+1.021627761555769+0.000000000000000i,-0.000000008221674+0.000000000000000i,+1.021627850804749+0.000000000000000i
+1.022128049117572+0.000000000000000i,+0.000000003703265+0.000000000000000i,+1.022134763895397+0.000000000000000i
+1.022635220884847+0.000000000000000i,+0.000000091751698+0.000000000000000i,+1.022635092216845+0.000000000000000i
+1.023132665442119+0.000000000000000i,-0.000000003118863+0.000000000000000i,+1.023130336551290+0.000000000000000i
+1.023617817118361+0.000000000000000i,+0.000000018448841+0.000000000000000i,+1.023617972899422+0.000000000000000i
+1.024103284502669+0.000000000000000i,-0.000000008399062+0.000000000000000i,+1.024099375047892+0.000000000000000i
+1.024575204697585+0.000000000000000i,+0.000000023120850+0.000000000000000i,+1.024575224739504+0.000000000000000i
+1.025042639224674+0.000000000000000i,-0.000000014088225+0.000000000000000i,+1.025047094278398+0.000000000000000i
+1.025506889657554+0.000000000000000i,-0.000000063952531+0.000000000000000i,+1.025506944537281+0.000000000000000i
+1.025963165338806+0.000000000000000i,+0.000000010187596+0.000000000000000i,+1.025964479249120+0.000000000000000i
+1.026412527664075+0.000000000000000i,+0.000000022490138+0.000000000000000i,+1.026444166428030+0.000000000000000i
+1.026855857707246+0.000000000000000i,+0.000000051336296+0.000000000000000i,+1.026855565617526+0.000000000000000i
+1.027298129213025+0.000000000000000i,-0.000000094987325+0.000000000000000i,+1.027280757207723+0.000000000000000i
+1.027721546365712+0.000000000000000i,+0.000000031402832+0.000000000000000i,+1.027721848865839+0.000000000000000i
+1.028150846538948+0.000000000000000i,-0.000000020092967+0.000000000000000i,+1.028117128167181+0.000000000000000i
+1.028561572871280+0.000000000000000i,+0.000000032383996+0.000000000000000i,+1.028562360736164+0.000000000000000i
+1.028985463019747+0.000000000000000i,+0.000000062863416+0.000000000000000i,+1.028973158319311+0.000000000000000i
+1.029375656893487+0.000000000000000i,+0.000000043135551+0.000000000000000i,+1.029375367961128+0.000000000000000i
+1.029776787761745+0.000000000000000i,+0.000000091939701+0.000000000000000i,+1.029771324550628+0.000000000000000i
+1.030161715181143+0.000000000000000i,-0.000000053090867+0.000000000000000i,+1.030161741497364+0.000000000000000i
+1.030554600027398+0.000000000000000i,-0.000000065724551+0.000000000000000i,+1.030547175846184+0.000000000000000i
+1.030921787950061+0.000000000000000i,+0.000000038311195+0.000000000000000i,+1.030921377628730+0.000000000000000i
+1.031297614700836+0.000000000000000i,-0.000000037635302+0.000000000000000i,+1.031283536341632+0.000000000000000i
+1.031655042698859+0.000000000000000i,-0.000000004975043+0.000000000000000i,+1.031654876190398+0.000000000000000i
+1.032007052967602+0.000000000000000i,-0.000000033354161+0.000000000000000i,+1.032004274731127+0.000000000000000i
+1.032361559047470+0.000000000000000i,-0.000000091308466+0.000000000000000i,+1.032361377590950+0.000000000000000i
+1.032703773786839+0.000000000000000i,+0.000000016413380+0.000000000000000i,+1.032713037342103+0.000000000000000i
+1.033041093120124+0.000000000000000i,+0.000000068888814+0.000000000000000i,+1.033041399480065+0.000000000000000i
+1.033381089575287+0.000000000000000i,+0.000000002224618+0.000000000000000i,+1.033369215310136+0.000000000000000i
+1.033694403812899+0.000000000000000i,-0.000000014122205+0.000000000000000i,+1.033694539312434+0.000000000000000i
+1.034014255645496+0.000000000000000i,+0.000000053940843+0.000000000000000i,+1.034015097693325+0.000000000000000i
+1.034321711577497+0.000000000000000i,-0.000000081199232+0.000000000000000i,+1.034321429916620+0.000000000000000i
+1.034631434386888+0.000000000000000i,+0.000000068863183+0.000000000000000i,+1.034629204169724+0.000000000000000i
+1.034922532375818+0.000000000000000i,-0.000000028956073+0.000000000000000i,+1.034922769005789+0.000000000000000i
+1.035220672339385+0.000000000000000i,+0.000000072844867+0.000000000000000i,+1.035211175145077+0.000000000000000i
+1.035497615005603+0.000000000000000i,+0.000000060975555+0.000000000000000i,+1.035497703721825+0.000000000000000i
+1.035772161344517+0.000000000000000i,+0.000000019583584+0.000000000000000i,+1.035770522445450+0.000000000000000i
+1.036046827661277+0.000000000000000i,+0.000000023159033+0.000000000000000i,+1.036046628226196+0.000000000000000i
+1.036314736333962+0.000000000000000i,-0.000000034181066+0.000000000000000i,+1.036307811048156+0.000000000000000i
+1.036570575492923+0.000000000000000i,+0.000000015761909+0.000000000000000i,+1.036570529207359+0.000000000000000i
+1.036821675937496+0.000000000000000i,+0.000000117145188+0.000000000000000i,+1.036823904893244+0.000000000000000i
+1.037069010385795+0.000000000000000i,+0.000000113847233+0.000000000000000i,+1.037068989552548+0.000000000000000i
+1.037312239308858+0.000000000000000i,+0.000000034685054+0.000000000000000i,+1.037315167802151+0.000000000000000i
+1.037542857686263+0.000000000000000i,+0.000000012068969+0.000000000000000i,+1.037542831312412+0.000000000000000i
+1.037771106024654+0.000000000000000i,+0.000000064329034+0.000000000000000i,+1.037770400338140+0.000000000000000i
+1.037991970055030+0.000000000000000i,-0.000000126174295+0.000000000000000i,+1.037992112871081+0.000000000000000i
+1.038208990280710+0.000000000000000i,+0.000000057088634+0.000000000000000i,+1.038208262117366+0.000000000000000i
+1.038416851876533+0.000000000000000i,+0.000000008374366+0.000000000000000i,+1.038417113429866+0.000000000000000i
+1.038622340770759+0.000000000000000i,-0.000000094824990+0.000000000000000i,+1.038621519490949+0.000000000000000i
+1.038817942700628+0.000000000000000i,-0.000000002375552+0.000000000000000i,+1.038818061029018+0.000000000000000i
+1.039011724029691+0.000000000000000i,+0.000000086178124+0.000000000000000i,+1.039009433049561+0.000000000000000i
+1.039196278592838+0.000000000000000i,+0.000000007610480+0.000000000000000i,+1.039196098631239+0.000000000000000i
+1.039377829144612+0.000000000000000i,-0.000000068263545+0.000000000000000i,+1.039376390190302+0.000000000000000i
+1.039550887141863+0.000000000000000i,+0.000000059413781+0.000000000000000i,+1.039551166734704+0.000000000000000i
+1.039721515263101+0.000000000000000i,-0.000000017163175+0.000000000000000i,+1.039720135237100+0.000000000000000i
+1.039883249352107+0.000000000000000i,-0.000000026506103+0.000000000000000i,+1.039883361001809+0.000000000000000i
+1.040036042672406+0.000000000000000i,-0.000000029387289+0.000000000000000i,+1.040039583641952+0.000000000000000i
+1.040193449735371+0.000000000000000i,-0.000000024062698+0.000000000000000i,+1.040193496504587+0.000000000000000i
+1.040337404066854+0.000000000000000i,+0.000000038469414+0.000000000000000i,+1.040336411315432+0.000000000000000i
+1.040481966770763+0.000000000000000i,+0.000000061451574+0.000000000000000i,+1.040481840504101+0.000000000000000i
+1.040617247976813+0.000000000000000i,+0.000000008511050+0.000000000000000i,+1.040617263786001+0.000000000000000i
+1.040749710912404+0.000000000000000i,+0.000000073211027+0.000000000000000i,+1.040749399063783+0.000000000000000i
+1.040875661387235+0.000000000000000i,-0.000000053266156+0.000000000000000i,+1.040874930607375+0.000000000000000i
+1.040996083967871+0.000000000000000i,+0.000000093025540+0.000000000000000i,+1.040996002660852+0.000000000000000i
+1.041113413065404+0.000000000000000i,-0.000000080149966+0.000000000000000i,+1.041109372993873+0.000000000000000i
+1.041222362161621+0.000000000000000i,+0.000000003127501+0.000000000000000i,+1.041222395944785+0.000000000000000i
+1.041323520612275+0.000000000000000i,+0.000000068338212+0.000000000000000i,+1.041328479403144+0.000000000000000i
+1.041429285494205+0.000000000000000i,+0.000000005038267+0.000000000000000i,+1.041429626741414+0.000000000000000i
+1.041520976213868+0.000000000000000i,+0.000000081524664+0.000000000000000i,+1.041535933342588+0.000000000000000i
+1.041617173386621+0.000000000000000i,-0.000000069913665+0.000000000000000i,+1.041617233397534+0.000000000000000i
+1.041696693306351+0.000000000000000i,+0.000000047355360+0.000000000000000i,+1.041712727483083+0.000000000000000i
+1.041785711268103+0.000000000000000i,-0.000000061303874+0.000000000000000i,+1.041785596878124+0.000000000000000i
+1.041866435430414+0.000000000000000i,-0.000000038970817+0.000000000000000i,+1.041869841081639+0.000000000000000i
+1.041937388337965+0.000000000000000i,-0.000000128743996+0.000000000000000i,+1.041936707901801+0.000000000000000i
+1.042005697671727+0.000000000000000i,+0.000000016639875+0.000000000000000i,+1.042000641593559+0.000000000000000i
+1.042069792052398+0.000000000000000i,+0.000000059980438+0.000000000000000i,+1.042070555420097+0.000000000000000i
+1.042146947442089+0.000000000000000i,+0.000000043010412+0.000000000000000i,+1.042112905351186+0.000000000000000i
+1.042186019667064+0.000000000000000i,+0.000000055968164+0.000000000000000i,+1.042186489630990+0.000000000000000i
+1.042217641936198+0.000000000000000i,-0.000000088539099+0.000000000000000i,+1.042256745943675+0.000000000000000i
+1.042285914133255+0.000000000000000i,+0.000000116629214+0.000000000000000i,+1.042286870722875+0.000000000000000i
+1.042330083556484+0.000000000000000i,+0.000000042152684+0.000000000000000i,+1.042331424121246+0.000000000000000i
+1.042369315420742+0.000000000000000i,+0.000000085932366+0.000000000000000i,+1.042366898926056+0.000000000000000i
+1.042399781660115+0.000000000000000i,-0.000000017941162+0.000000000000000i,+1.042408115820572+0.000000000000000i
+1.042436897526456+0.000000000000000i,+0.000000014573693+0.000000000000000i,+1.042435504514044+0.000000000000000i
+1.042465546233757+0.000000000000000i,+0.000000001983225+0.000000000000000i,+1.042465510298821+0.000000000000000i
+1.042491055910293+0.000000000000000i,+0.000000022367507+0.000000000000000i,+1.042492032187177+0.000000000000000i
+1.042511302376444+0.000000000000000i,-0.000000134811008+0.000000000000000i,+1.042511381867132+0.000000000000000i
+1.042529844010797+0.000000000000000i,+0.000000074404783+0.000000000000000i,+1.042528615424844+0.000000000000000i
+1.042542983695928+0.000000000000000i,+0.000000093594198+0.000000000000000i,+1.042543043411677+0.000000000000000i
+1.042552782535039+0.000000000000000i,+0.000000134801147+0.000000000000000i,+1.042554795252891+0.000000000000000i
+1.042561131857101+0.000000000000000i,+0.000000043706332+0.000000000000000i,+1.042561143997717+0.000000000000000i
+1.042569822546177+0.000000000000000i,-0.000000002628377+0.000000000000000i,+1.042562902658642+0.000000000000000i
+1.042566234168673+0.000000000000000i,+0.000000065558602+0.000000000000000i,+1.042566230954794+0.000000000000000i
+1.042564362536977+0.000000000000000i,-0.000000107811245+0.000000000000000i,+1.042567182985713+0.000000000000000i
+1.042558515767857+0.000000000000000i,+0.000000081051725+0.000000000000000i,+1.042558455895562+0.000000000000000i
+1.042546799891325+0.000000000000000i,-0.000000022157753+0.000000000000000i,+1.042552728049232+0.000000000000000i
+1.042538544711147+0.000000000000000i,-0.000000022560230+0.000000000000000i,+1.042539595478965+0.000000000000000i
+1.042526127786667+0.000000000000000i,-0.000000013954629+0.000000000000000i,+1.042513292239483+0.000000000000000i
+1.042506843062945+0.000000000000000i,-0.000000048308100+0.000000000000000i,+1.042507355709036+0.000000000000000i
+1.042497289233476+0.000000000000000i,+0.000000047821731+0.000000000000000i,+1.042484328643693+0.000000000000000i
+1.042465508961598+0.000000000000000i,-0.000000065819662+0.000000000000000i,+1.042465922272087+0.000000000000000i
+1.042457295167292+0.000000000000000i,+0.000000005523237+0.000000000000000i,+1.042422989145291+0.000000000000000i
+1.042413610910679+0.000000000000000i,-0.000000019760098+0.000000000000000i,+1.042413550091186+0.000000000000000i
+1.042389350189967+0.000000000000000i,-0.000000008446936+0.000000000000000i,+1.042381075526806+0.000000000000000i
+1.042350557970590+0.000000000000000i,-0.000000083862662+0.000000000000000i,+1.042350647049525+0.000000000000000i
+1.042318708300134+0.000000000000000i,-0.000000064541777+0.000000000000000i,+1.042346571269758+0.000000000000000i
+1.042278049031537+0.000000000000000i,+0.000000151253538+0.000000000000000i,+1.042279989290909+0.000000000000000i
+1.042239157208747+0.000000000000000i,-0.000000071174324+0.000000000000000i,+1.042239236968321+0.000000000000000i
+1.042195552504034+0.000000000000000i,+0.000000057113957+0.000000000000000i,+1.042196845275773+0.000000000000000i
+1.042153959741984+0.000000000000000i,+0.000000007467939+0.000000000000000i,+1.042154120842380+0.000000000000000i
+1.042105983930459+0.000000000000000i,-0.000000018088770+0.000000000000000i,+1.042109547395184+0.000000000000000i
+1.042060415582763+0.000000000000000i,+0.000000060346711+0.000000000000000i,+1.042060327991265+0.000000000000000i
+1.042011934542783+0.000000000000000i,+0.000000051425809+0.000000000000000i,+1.042010717568367+0.000000000000000i
+1.041958890028798+0.000000000000000i,+0.000000023606565+0.000000000000000i,+1.041959299462788+0.000000000000000i
+1.041905321826826+0.000000000000000i,+0.000000123438272+0.000000000000000i,+1.041906668829663+0.000000000000000i
+1.041850582312166+0.000000000000000i,-0.000000027776665+0.000000000000000i,+1.041850732524355+0.000000000000000i
+1.041801286832671+0.000000000000000i,+0.000000029943466+0.000000000000000i,+1.041783646516758+0.000000000000000i
+1.041735234639132+0.000000000000000i,+0.000000008246647+0.000000000000000i,+1.041735612132956+0.000000000000000i
+1.041659202626529+0.000000000000000i,+0.000000055637670+0.000000000000000i,+1.041682232550025+0.000000000000000i
+1.041613242653176+0.000000000000000i,+0.000000030928811+0.000000000000000i,+1.041612277255410+0.000000000000000i
+1.041525343977477+0.000000000000000i,+0.000000003480340+0.000000000000000i,+1.041537123003501+0.000000000000000i
+1.041485333360413+0.000000000000000i,-0.000000042786002+0.000000000000000i,+1.041486448794001+0.000000000000000i
+1.041419312174805+0.000000000000000i,+0.000000032214167+0.000000000000000i,+1.041419211535363+0.000000000000000i
+1.041351103376283+0.000000000000000i,+0.000000039469879+0.000000000000000i,+1.041351668573678+0.000000000000000i
+1.041283289410344+0.000000000000000i,+0.000000022091227+0.000000000000000i,+1.041283217342527+0.000000000000000i
+1.041210341029346+0.000000000000000i,+0.000000006111668+0.000000000000000i,+1.041213798475894+0.000000000000000i
+1.041142407455835+0.000000000000000i,+0.000000072469510+0.000000000000000i,+1.041142191627596+0.000000000000000i
+1.041068194026448+0.000000000000000i,+0.000000041961669+0.000000000000000i,+1.041071305733651+0.000000000000000i
+1.040997037734056+0.000000000000000i,+0.000000152199326+0.000000000000000i,+1.040996746390501+0.000000000000000i
+1.040913371064875+0.000000000000000i,+0.000000022286163+0.000000000000000i,+1.040926680565755+0.000000000000000i
+1.040847687137575+0.000000000000000i,-0.000000002102860+0.000000000000000i,+1.040847451973024+0.000000000000000i
+1.040775922214227+0.000000000000000i,+0.000000034446537+0.000000000000000i,+1.040782671849748+0.000000000000000i
+1.040693901311413+0.000000000000000i,+0.000000033145169+0.000000000000000i,+1.040693946955933+0.000000000000000i
+1.040625478376542+0.000000000000000i,-0.000000020541265+0.000000000000000i,+1.040621279220484+0.000000000000000i
+1.040537159787926+0.000000000000000i,+0.000000043901621+0.000000000000000i,+1.040537672921287+0.000000000000000i
+1.040450928809391+0.000000000000000i,-0.000000058675592+0.000000000000000i,+1.040460338782436+0.000000000000000i
+1.040377821992673+0.000000000000000i,+0.000000097086359+0.000000000000000i,+1.040379795406780+0.000000000000000i
+1.040296909930128+0.000000000000000i,+0.000000111353590+0.000000000000000i,+1.040297078294087+0.000000000000000i
+1.040220157021807+0.000000000000000i,-0.000000017423376+0.000000000000000i,+1.040218953038872+0.000000000000000i
+1.040133509153010+0.000000000000000i,-0.000000064949811+0.000000000000000i,+1.040133608056176+0.000000000000000i
+1.040048965704250+0.000000000000000i,-0.000000080605864+0.000000000000000i,+1.040042568511122+0.000000000000000i
+1.039967709644196+0.000000000000000i,+0.000000057514916+0.000000000000000i,+1.039968145879467+0.000000000000000i
+1.039875345301162+0.000000000000000i,-0.000000018625300+0.000000000000000i,+1.039889411771973+0.000000000000000i
+1.039800995020537+0.000000000000000i,-0.000000013111429+0.000000000000000i,+1.039800370648708+0.000000000000000i
+1.039721138206789+0.000000000000000i,+0.000000064441845+0.000000000000000i,+1.039702822337561+0.000000000000000i
+1.039631418173562+0.000000000000000i,+0.000000053579442+0.000000000000000i,+1.039632246369215+0.000000000000000i
+1.039554074211449+0.000000000000000i,-0.000000014602670+0.000000000000000i,+1.039539625627356+0.000000000000000i
+1.039462599855380+0.000000000000000i,-0.000000046636725+0.000000000000000i,+1.039459964231191+0.000000000000000i
+1.039376298730543+0.000000000000000i,+0.000000030248661+0.000000000000000i,+1.039376209790356+0.000000000000000i
+1.039291224183529+0.000000000000000i,+0.000000042612163+0.000000000000000i,+1.039290392607120+0.000000000000000i
+1.039205022082775+0.000000000000000i,-0.000000152067111+0.000000000000000i,+1.039204853420000+0.000000000000000i
+1.039120355522733+0.000000000000000i,-0.000000005655323+0.000000000000000i,+1.039118975735271+0.000000000000000i
+1.039032979141968+0.000000000000000i,+0.000000155604599+0.000000000000000i,+1.039033139950008+0.000000000000000i
+1.038943232555919+0.000000000000000i,-0.000000003814251+0.000000000000000i,+1.038941366977728+0.000000000000000i
+1.038861434686260+0.000000000000000i,+0.000000063838416+0.000000000000000i,+1.038860978465121+0.000000000000000i
+1.038771755419107+0.000000000000000i,+0.000000068639345+0.000000000000000i,+1.038769161704813+0.000000000000000i
+1.038688587637777+0.000000000000000i,+0.000000032780909+0.000000000000000i,+1.038688602867879+0.000000000000000i
+1.038588301990870+0.000000000000000i,+0.000000116804585+0.000000000000000i,+1.038601145868418+0.000000000000000i
+1.038516505569939+0.000000000000000i,-0.000000050758668+0.000000000000000i,+1.038517962156243+0.000000000000000i
+1.038432092540247+0.000000000000000i,+0.000000090643424+0.000000000000000i,+1.038432016057369+0.000000000000000i
+1.038347276575375+0.000000000000000i,+0.000000005293567+0.000000000000000i,+1.038346621652234+0.000000000000000i
+1.038261256178529+0.000000000000000i,+0.000000043203143+0.000000000000000i,+1.038261470003451+0.000000000000000i
+1.038179267302233+0.000000000000000i,+0.000000104842537+0.000000000000000i,+1.038179168330494+0.000000000000000i
+1.038091539323713+0.000000000000000i,-0.000000094449324+0.000000000000000i,+1.038091351470860+0.000000000000000i
+1.037999767357071+0.000000000000000i,-0.000000021647950+0.000000000000000i,+1.038013248562168+0.000000000000000i
+1.037922765217048+0.000000000000000i,+0.000000032148886+0.000000000000000i,+1.037923240951742+0.000000000000000i
+1.037844704718526+0.000000000000000i,-0.000000068876459+0.000000000000000i,+1.037830737140837+0.000000000000000i
+1.037755490965246+0.000000000000000i,-0.000000018172475+0.000000000000000i,+1.037755354040834+0.000000000000000i
+1.037681849490493+0.000000000000000i,-0.000000033545695+0.000000000000000i,+1.037676306248662+0.000000000000000i
+1.037590632138139+0.000000000000000i,-0.000000060735582+0.000000000000000i,+1.037589390150745+0.000000000000000i
+1.037506772234393+0.000000000000000i,+0.000000065744909+0.000000000000000i,+1.037506698334521+0.000000000000000i
+1.037427155242304+0.000000000000000i,+0.000000123949527+0.000000000000000i,+1.037424790092403+0.000000000000000i
+1.037343247017152+0.000000000000000i,-0.000000045005598+0.000000000000000i,+1.037343251574035+0.000000000000000i
+1.037259176655587+0.000000000000000i,-0.000000028127580+0.000000000000000i,+1.037267287351904+0.000000000000000i
+1.037182113314948+0.000000000000000i,+0.000000043092133+0.000000000000000i,+1.037181738972604+0.000000000000000i
+1.037095305631290+0.000000000000000i,+0.000000024681218+0.000000000000000i,+1.037098955256122+0.000000000000000i
+1.037022331835615+0.000000000000000i,+0.000000002343197+0.000000000000000i,+1.037022222328118+0.000000000000000i
+1.036952577673507+0.000000000000000i,-0.000000026612444+0.000000000000000i,+1.036948043472640+0.000000000000000i
+1.036864656123018+0.000000000000000i,-0.000000048106876+0.000000000000000i,+1.036864956647772+0.000000000000000i
+1.036786842072605+0.000000000000000i,+0.000000020976733+0.000000000000000i,+1.036786956872432+0.000000000000000i
+1.036709125177604+0.000000000000000i,+0.000000035948996+0.000000000000000i,+1.036708837282518+0.000000000000000i
+1.036633263987349+0.000000000000000i,+0.000000007300316+0.000000000000000i,+1.036633041505019+0.000000000000000i
+1.036558590832702+0.000000000000000i,-0.000000004685080+0.000000000000000i,+1.036562553686923+0.000000000000000i
+1.036481788488963+0.000000000000000i,+0.000000122204582+0.000000000000000i,+1.036481929364619+0.000000000000000i
+1.036415815747067+0.000000000000000i,-0.000000030395736+0.000000000000000i,+1.036406016484073+0.000000000000000i
+1.036332917791006+0.000000000000000i,+0.000000029315635+0.000000000000000i,+1.036332771238865+0.000000000000000i
+1.036288939569435+0.000000000000000i,+0.000000002507050+0.000000000000000i,+1.036254714673014+0.000000000000000i
+1.036186588648950+0.000000000000000i,-0.000000011789172+0.000000000000000i,+1.036187308865531+0.000000000000000i
+1.036115395437107+0.000000000000000i,-0.000000051273017+0.000000000000000i,+1.036115462160975+0.000000000000000i
+1.036041562352153+0.000000000000000i,-0.000000101752974+0.000000000000000i,+1.036041469512115+0.000000000000000i
+1.035973896144190+0.000000000000000i,+0.000000057914642+0.000000000000000i,+1.035973742320656+0.000000000000000i
+1.035906133929272+0.000000000000000i,+0.000000007738709+0.000000000000000i,+1.035904100798022+0.000000000000000i
+1.035835161745042+0.000000000000000i,+0.000000140376725+0.000000000000000i,+1.035835192617912+0.000000000000000i
+1.035752105631920+0.000000000000000i,-0.000000085973820+0.000000000000000i,+1.035761670423596+0.000000000000000i
+1.035699808518931+0.000000000000000i,+0.000000180985858+0.000000000000000i,+1.035698897800706+0.000000000000000i
+1.035629001339876+0.000000000000000i,-0.000000044704387+0.000000000000000i,+1.035618137941805+0.000000000000000i
+1.035566819970770+0.000000000000000i,+0.000000044654150+0.000000000000000i,+1.035567383449344+0.000000000000000i
+1.035502211141252+0.000000000000000i,-0.000000003755527+0.000000000000000i,+1.035502129142554+0.000000000000000i
+1.035438680415262+0.000000000000000i,+0.000000087160450+0.000000000000000i,+1.035438128262536+0.000000000000000i
+1.035374615525183+0.000000000000000i,-0.000000023135467+0.000000000000000i,+1.035374733964654+0.000000000000000i
+1.035314536490981+0.000000000000000i,-0.000000009413845+0.000000000000000i,+1.035308527686772+0.000000000000000i
+1.035249802279972+0.000000000000000i,-0.000000041649029+0.000000000000000i,+1.035250428341971+0.000000000000000i
+1.035188666015122+0.000000000000000i,+0.000000117376843+0.000000000000000i,+1.035184896619117+0.000000000000000i
+1.035129432471205+0.000000000000000i,+0.000000026680769+0.000000000000000i,+1.035129306373635+0.000000000000000i
+1.035066503685802+0.000000000000000i,+0.000000121552242+0.000000000000000i,+1.035107140815441+0.000000000000000i
+1.035010422580130+0.000000000000000i,+0.000000007296406+0.000000000000000i,+1.035010652065050+0.000000000000000i
+1.034953589608425+0.000000000000000i,-0.000000090164544+0.000000000000000i,+1.034953733617218+0.000000000000000i
+1.034899950979547+0.000000000000000i,-0.000000110275397+0.000000000000000i,+1.034894188573891+0.000000000000000i
