0,380,1
0.016667,122.97,400
0.033333,-46.984,
0.05,116.67,
0.066667,90.027,
0.083333,51.122,
0.1,138.66,
0.11667,84.456,
0.13333,84.46,
0.15,137.44,
0.16667,52.159,
0.18333,87.548,
0.2,110.55,
0.21667,-37.262,
0.23333,123,
0.25,353.36,
0.26667,122.97,
0.28333,-33.957,
0.3,106.72,
0.31667,84.84,
0.33333,53.99,
0.35,132.7,
0.36667,84.462,
0.38333,84.458,
0.4,131.56,
0.41667,54.793,
0.43333,82.573,
0.45,101.32,
0.46667,-25.454,
0.48333,122.63,
0.5,329.24,
0.51667,122.55,
0.53333,-22.564,
0.55,97.938,
0.56667,80.093,
0.58333,56.192,
0.6,127.18,
0.61667,84.354,
0.63333,84.343,
0.65,126.12,
0.66667,56.795,
0.68333,78.016,
0.7,93.168,
0.71667,-15.139,
0.73333,121.89,
0.75,307.38,
0.76667,121.76,
0.78333,-12.618,
0.8,90.179,
0.81667,75.742,
0.83333,57.824,
0.85,122.04,
0.86667,84.14,
0.88333,84.123,
0.9,121.05,
0.91667,58.255,
0.93333,73.836,
0.95,85.963,
0.96667,-6.1467,
0.98333,120.83,
1,287.53,
1.0167,120.67,
1.0333,-3.9522,
1.05,83.319,
1.0667,71.747,
1.0833,58.966,
1.1,117.25,
1.1167,83.828,
1.1333,83.804,
1.15,116.33,
1.1667,59.251,
1.1833,69.994,
1.2,79.587,
1.2167,1.676,
1.2333,119.52,
1.25,269.48,
1.2667,119.32,
1.2833,3.5821,
1.3,77.246,
1.3167,68.072,
1.3333,59.692,
1.35,112.78,
1.3667,83.423,
1.3833,83.393,
1.4,111.93,
1.4167,59.852,
1.4333,66.457,
1.45,73.939,
1.4667,8.4641,
1.4833,117.98,
1.5,253.04,
1.5167,117.76,
1.5333,10.115,
1.55,71.863,
1.5667,64.685,
1.5833,60.063,
1.6,108.6,
1.6167,82.934,
1.6333,82.898,
1.65,107.8,
1.6667,60.118,
1.6833,63.195,
1.7,68.929,
1.7167,14.337,
1.7333,116.27,
1.75,238.03,
1.7667,116.03,
1.7833,15.763,
1.8,67.084,
1.8167,61.558,
1.8333,60.135,
1.85,104.69,
1.8667,82.366,
1.8833,82.325,
1.9,103.93,
1.9167,60.1,
1.9333,60.18,
1.95,64.476,
1.9667,19.402,
1.9833,114.41,
2,224.33,
2.0167,114.15,
2.0333,20.628,
2.05,62.835,
2.0667,58.666,
2.0833,59.954,
2.1,101,
2.1167,81.726,
2.1333,81.681,
2.15,100.29,
2.1667,59.844,
2.1833,57.39,
2.2,60.511,
2.2167,23.751,
2.2333,112.43,
2.25,211.78,
2.2667,112.16,
2.2833,24.801,
2.3,59.049,
2.3167,55.985,
2.3333,59.561,
2.35,97.537,
2.3667,81.02,
2.3833,80.971,
2.4,96.868,
2.4167,59.389,
2.4333,54.801,
2.45,56.975,
2.4667,27.468,
2.4833,110.36,
2.5,200.27,
2.5167,110.08,
2.5333,28.363,
2.55,55.668,
2.5667,53.496,
2.5833,58.992,
2.6,94.267,
2.6167,80.254,
2.6333,80.201,
2.65,93.635,
2.6667,58.768,
2.6833,52.396,
2.7,53.813,
2.7167,30.628,
2.7333,108.22,
2.75,189.69,
2.7667,107.93,
2.7833,31.385,
2.8,52.643,
2.8167,51.181,
2.8333,58.277,
2.85,91.176,
2.8667,79.433,
2.8833,79.376,
2.9,90.578,
2.9167,58.011,
2.9333,50.156,
2.95,50.98,
2.9667,33.295,
2.9833,106.02,
3,179.96,
3.0167,105.73,
3.0333,33.93,
3.05,49.929,
3.0667,49.024,
3.0833,57.443,
3.1,88.248,
3.1167,78.563,
3.1333,78.503,
3.15,87.681,
3.1667,57.143,
3.1833,48.067,
3.2,48.433,
3.2167,35.527,
3.2333,103.79,
3.25,170.99,
3.2667,103.49,
3.2833,36.055,
3.3,47.487,
3.3167,47.01,
3.3333,56.513,
3.35,85.471,
3.3667,77.649,
3.3833,77.586,
3.4,84.932,
3.4167,56.185,
3.4333,46.115,
3.45,46.139,
3.4667,37.376,
3.4833,101.53,
3.5,162.7,
3.5167,101.23,
3.5333,37.81,
3.55,45.284,
3.5667,45.126,
3.5833,55.506,
3.6,82.831,
3.6167,76.695,
3.6333,76.63,
3.65,82.318,
3.6667,55.156,
3.6833,44.288,
3.7,44.064,
3.7167,38.887,
3.7333,99.268,
3.75,155.02,
3.7667,98.966,
3.7833,39.238,
3.8,43.29,
3.8167,43.36,
3.8333,54.439,
3.85,80.317,
3.8667,75.706,
3.8833,75.639,
3.9,79.829,
3.9167,54.073,
3.9333,42.574,
3.95,42.183,
3.9667,40.1,
3.9833,97,
4,147.91,
4.0167,96.698,
4.0333,40.378,
4.05,41.479,
4.0667,41.703,
4.0833,53.327,
4.1,77.92,
4.1167,74.686,
4.1333,74.617,
4.15,77.454,
4.1667,52.949,
4.1833,40.963,
4.2,40.471,
4.2167,41.052,
4.2333,94.739,
4.25,141.29,
4.2667,94.439,
4.2833,41.266,
4.3,39.829,
4.3167,40.144,
4.3333,52.182,
4.35,75.631,
4.3667,73.639,
4.3833,73.569,
4.4,75.186,
4.4167,51.795,
4.4333,39.448,
4.45,38.908,
4.4667,41.774,
4.4833,92.493,
4.5,135.14,
4.5167,92.194,
4.5333,41.932,
4.55,38.32,
4.5667,38.676,
4.5833,51.015,
4.6,73.442,
4.6167,72.569,
4.6333,72.497,
4.65,73.015,
4.6667,50.622,
4.6833,38.019,
4.7,37.474,
4.7167,42.295,
4.7333,90.266,
4.75,129.4,
4.7667,89.971,
4.7833,42.402,
4.8,36.933,
4.8167,37.29,
4.8333,49.834,
4.85,71.344,
4.8667,71.48,
4.8833,71.406,
4.9,70.935,
4.9167,49.438,
4.9333,36.67,
4.95,36.155,
4.9667,42.638,
4.9833,88.066,
5,124.04,
5.0167,87.774,
5.0333,42.702,
5.05,35.656,
5.0667,35.981,
5.0833,48.646,
5.1,69.333,
5.1167,70.373,
5.1333,70.299,
5.15,68.94,
5.1667,48.25,
5.1833,35.394,
5.2,34.936,
5.2167,42.826,
5.2333,85.895,
5.25,119.02,
5.2667,85.608,
5.2833,42.853,
5.3,34.474,
5.3167,34.741,
5.3333,47.459,
5.35,67.401,
5.3667,69.253,
5.3833,69.178,
5.4,67.024,
5.4167,47.065,
5.4333,34.185,
5.45,33.805,
5.4667,42.88,
5.4833,83.757,
5.5,114.31,
5.5167,83.474,
5.5333,42.874,
5.55,33.375,
5.5667,33.566,
5.5833,46.278,
5.6,65.544,
5.6167,68.123,
5.6333,68.047,
5.65,65.181,
5.6667,45.886,
5.6833,33.039,
5.7,32.753,
5.7167,42.815,
5.7333,81.655,
5.75,109.89,
5.7667,81.377,
5.7833,42.78,
5.8,32.351,
5.8167,32.451,
5.8333,45.107,
5.85,63.756,
5.8667,66.984,
5.8833,66.908,
5.9,63.407,
5.9167,44.719,
5.9333,31.949,
5.95,31.768,
5.9667,42.649,
5.9833,79.591,
6,105.73,
6.0167,79.319,
6.0333,42.589,
6.05,31.392,
6.0667,31.39,
6.0833,43.949,
6.1,62.034,
6.1167,65.839,
6.1333,65.763,
6.15,61.697,
6.1667,43.566,
6.1833,30.913,
6.2,30.845,
6.2167,42.393,
6.2333,77.567,
6.25,101.81,
6.2667,77.3,
6.2833,42.312,
6.3,30.49,
6.3167,30.38,
6.3333,42.807,
6.35,60.374,
6.3667,64.691,
6.3833,64.614,
6.4,60.048,
6.4167,42.431,
6.4333,29.925,
6.45,29.974,
6.4667,42.061,
6.4833,75.584,
6.5,98.11,
6.5167,75.323,
6.5333,41.961,
6.55,29.64,
6.5667,29.417,
6.5833,41.685,
6.6,58.77,
6.6167,63.541,
6.6333,63.464,
6.65,58.456,
6.6667,41.315,
6.6833,28.983,
6.7,29.152,
6.7167,41.663,
6.7333,73.643,
6.75,94.611,
6.7667,73.387,
6.7833,41.547,
6.8,28.835,
6.8167,28.498,
6.8333,40.583,
6.85,57.222,
6.8667,62.392,
6.8833,62.315,
6.9,56.918,
6.9167,40.22,
6.9333,28.083,
6.95,28.372,
6.9667,41.208,
6.9833,71.745,
7,91.297,
7.0167,71.495,
7.0333,41.078,
7.05,28.07,
7.0667,27.62,
7.0833,39.503,
7.1,55.724,
7.1167,61.244,
7.1333,61.168,
7.15,55.431,
7.1667,39.149,
7.1833,27.223,
7.2,27.629,
7.2167,40.705,
7.2333,69.89,
7.25,88.154,
7.2667,69.646,
7.2833,40.564,
7.3,27.342,
7.3167,26.779,
7.3333,38.447,
7.35,54.276,
7.3667,60.101,
7.3833,60.025,
7.4,53.991,
7.4167,38.1,
7.4333,26.399,
7.45,26.92,
7.4667,40.162,
7.4833,68.078,
7.5,85.169,
7.5167,67.84,
7.5333,40.011,
7.55,26.645,
7.5667,25.974,
7.5833,37.415,
7.6,52.873,
7.6167,58.962,
7.6333,58.886,
7.65,52.598,
7.6667,37.077,
7.6833,25.61,
7.7,26.241,
7.7167,39.584,
7.7333,66.309,
7.75,82.331,
7.7667,66.077,
7.7833,39.426,
7.8,25.978,
7.8167,25.202,
7.8333,36.408,
7.85,51.514,
7.8667,57.83,
7.8833,57.755,
7.9,51.247,
7.9167,36.078,
7.9333,24.853,
7.95,25.59,
7.9667,38.979,
7.9833,64.584,
8,79.628,
8.0167,64.357,
8.0333,38.813,
8.05,25.337,
8.0667,24.461,
8.0833,35.425,
8.1,50.197,
8.1167,56.705,
8.1333,56.631,
8.15,49.938,
8.1667,35.104,
8.1833,24.126,
8.2,24.963,
8.2167,38.35,
8.2333,62.901,
8.25,77.051,
8.2667,62.679,
8.2833,38.179,
8.3,24.719,
8.3167,23.75,
8.3333,34.468,
8.35,48.919,
8.3667,55.589,
8.3833,55.515,
8.4,48.668,
8.4167,34.155,
8.4333,23.427,
8.45,24.359,
8.4667,37.703,
8.4833,61.26,
8.5,74.59,
8.5167,61.044,
8.5333,37.527,
8.55,24.123,
8.5667,23.065,
8.5833,33.537,
8.6,47.679,
8.6167,54.483,
8.6333,54.41,
8.65,47.436,
8.6667,33.231,
8.6833,22.755,
8.7,23.775,
8.7167,37.04,
8.7333,59.661,
8.75,72.239,
8.7667,59.45,
8.7833,36.862,
8.8,23.547,
8.8167,22.407,
8.8333,32.63,
8.85,46.475,
8.8667,53.388,
8.8833,53.315,
8.9,46.239,
8.9167,32.333,
8.9333,22.108,
8.95,23.21,
8.9667,36.367,
8.9833,58.102,
9,69.99,
9.0167,57.898,
9.0333,36.186,
9.05,22.989,
9.0667,21.772,
9.0833,31.748,
9.1,45.306,
9.1167,52.303,
9.1333,52.232,
9.15,45.077,
9.1667,31.459,
9.1833,21.484,
9.2,22.662,
9.2167,35.686,
9.2333,56.584,
9.25,67.836,
9.2667,56.385,
9.2833,35.504,
9.3,22.448,
9.3167,21.161,
9.3333,30.89,
9.35,44.17,
9.3667,51.231,
9.3833,51.16,
9.4,43.947,
9.4167,30.61,
9.4333,20.883,
9.45,22.13,
9.4667,35,
9.4833,55.106,
9.5,65.771,
9.5167,54.912,
9.5333,34.816,
9.55,21.922,
9.5667,20.571,
9.5833,30.056,
9.6,43.066,
9.6167,50.172,
9.6333,50.102,
9.65,42.849,
9.6667,29.784,
9.6833,20.303,
9.7,21.614,
9.7167,34.311,
9.7333,53.667,
9.75,63.789,
9.7667,53.478,
9.7833,34.127,
9.8,21.411,
9.8167,20.002,
9.8333,29.247,
9.85,41.993,
9.8667,49.126,
9.8833,49.057,
9.9,41.782,
9.9167,28.982,
9.9333,19.744,
9.95,21.11,
9.9667,33.621,
9.9833,52.265,
10,61.887,
10.017,52.081,
10.033,33.437,
10.05,20.913,
10.067,19.453,
10.083,28.46,
10.1,40.949,
10.117,48.093,
10.133,48.025,
10.15,40.743,
10.167,28.203,
10.183,19.203,
10.2,20.62,
10.217,32.932,
10.233,50.901,
10.25,60.057,
10.267,50.721,
10.283,32.749,
10.3,20.428,
10.317,18.922,
10.333,27.696,
10.35,39.933,
10.367,47.075,
10.383,47.008,
10.4,39.733,
10.417,27.446,
10.433,18.68,
10.45,20.143,
10.467,32.246,
10.483,49.572,
10.5,58.298,
10.517,49.398,
10.533,32.063,
10.55,19.955,
10.567,18.408,
10.583,26.953,
10.6,38.944,
10.617,46.072,
10.633,46.005,
10.65,38.75,
10.667,26.711,
10.683,18.174,
10.7,19.677,
10.717,31.563,
10.733,48.28,
10.75,56.604,
10.767,48.11,
10.783,31.382,
10.8,19.493,
10.817,17.911,
10.833,26.233,
10.85,37.982,
10.867,45.083,
10.883,45.018,
10.9,37.793,
10.917,25.997,
10.933,17.685,
10.95,19.222,
10.967,30.886,
10.983,47.021,
11,54.973,
11.017,46.856,
11.033,30.707,
11.05,19.043,
11.067,17.431,
11.083,25.533,
11.1,37.045,
11.117,44.109,
11.133,44.045,
11.15,36.861,
11.167,25.304,
11.183,17.212,
11.2,18.777,
11.217,30.216,
11.233,45.797,
11.25,53.4,
11.267,45.636,
11.283,30.038,
11.3,18.603,
11.317,16.965,
11.333,24.853,
11.35,36.133,
11.367,43.151,
11.383,43.088,
11.4,35.953,
11.417,24.631,
11.433,16.753,
11.45,18.343,
11.467,29.552,
11.483,44.605,
11.5,51.883,
11.517,44.449,
11.533,29.377,
11.55,18.172,
11.567,16.514,
11.583,24.193,
11.6,35.244,
11.617,42.208,
11.633,42.146,
11.65,35.069,
11.667,23.978,
11.683,16.309,
11.7,17.919,
11.717,28.897,
11.733,43.446,
11.75,50.419,
11.767,43.294,
11.783,28.723,
11.8,17.752,
11.817,16.077,
11.833,23.553,
11.85,34.378,
11.867,41.281,
11.883,41.22,
11.9,34.208,
11.917,23.343,
11.933,15.878,
11.95,17.504,
11.967,28.25,
11.983,42.317,
12,49.005,
12.017,42.169,
12.033,28.079,
12.05,17.341,
12.067,15.653,
12.083,22.931,
12.1,33.535,
12.117,40.37,
12.133,40.31,
12.15,33.369,
12.167,22.727,
12.183,15.46,
12.2,17.098,
12.217,27.612,
12.233,41.219,
12.25,47.639,
12.267,41.075,
12.283,27.443,
12.3,16.938,
12.317,15.242,
12.333,22.326,
12.35,32.713,
12.367,39.474,
12.383,39.415,
12.4,32.551,
12.417,22.129,
12.433,15.055,
12.45,16.701,
12.467,26.984,
12.483,40.151,
12.5,46.318,
12.517,40.01,
12.533,26.818,
12.55,16.545,
12.567,14.844,
12.583,21.74,
12.6,31.912,
12.617,38.594,
12.633,38.536,
12.65,31.755,
12.667,21.548,
12.683,14.662,
12.7,16.313,
12.717,26.365,
12.733,39.111,
12.75,45.041,
12.767,38.974,
12.783,26.202,
12.8,16.16,
12.817,14.457,
12.833,21.17,
12.85,31.132,
12.867,37.731,
12.883,37.674,
12.9,30.978,
12.917,20.983,
12.933,14.28,
12.95,15.933,
12.967,25.757,
12.983,38.099,
13,43.805,
13.017,37.966,
13.033,25.597,
13.05,15.784,
13.067,14.081,
13.083,20.616,
13.1,30.371,
13.117,36.883,
13.133,36.827,
13.15,30.221,
13.167,20.435,
13.183,13.91,
13.2,15.562,
13.217,25.16,
13.233,37.114,
13.25,42.609,
13.267,36.985,
13.283,25.002,
13.3,15.415,
13.317,13.717,
13.333,20.078,
13.35,29.629,
13.367,36.05,
13.383,35.995,
13.4,29.483,
13.417,19.903,
13.433,13.55,
13.45,15.198,
13.467,24.573,
13.483,36.156,
13.5,41.451,
13.517,36.03,
13.533,24.419,
13.55,15.055,
13.567,13.362,
13.583,19.556,
13.6,28.905,
13.617,35.234,
13.633,35.18,
13.65,28.763,
13.667,19.385,
13.683,13.201,
13.7,14.842,
13.717,23.997,
13.733,35.223,
13.75,40.329,
13.767,35.101,
13.783,23.846,
13.8,14.702,
13.817,13.018,
13.833,19.048,
13.85,28.2,
13.867,34.433,
13.883,34.38,
13.9,28.061,
13.917,18.882,
13.933,12.861,
13.95,14.494,
13.967,23.432,
13.983,34.316,
14,39.242,
14.017,34.196,
14.033,23.284,
14.05,14.357,
14.067,12.684,
14.083,18.555,
14.1,27.512,
14.117,33.648,
14.133,33.596,
14.15,27.377,
14.167,18.394,
14.183,12.531,
14.2,14.153,
14.217,22.878,
14.233,33.432,
14.25,38.189,
14.267,33.316,
14.283,22.733,
14.3,14.019,
14.317,12.359,
14.333,18.076,
14.35,26.841,
14.367,32.878,
14.383,32.827,
14.4,26.709,
14.417,17.919,
14.433,12.21,
14.45,13.82,
14.467,22.335,
14.483,32.572,
14.5,37.167,
14.517,32.46,
14.533,22.193,
14.55,13.689,
14.567,12.043,
14.583,17.61,
14.6,26.187,
14.617,32.123,
14.633,32.073,
14.65,26.058,
14.667,17.457,
14.683,11.898,
14.7,13.494,
14.717,21.803,
14.733,31.736,
14.75,36.176,
14.767,31.626,
14.783,21.663,
14.8,13.365,
14.817,11.735,
14.833,17.157,
14.85,25.549,
14.867,31.384,
14.883,31.335,
14.9,25.423,
14.917,17.009,
14.933,11.595,
14.95,13.175,
14.967,21.283,
14.983,30.921,
15,35.215,
15.017,30.814,
15.033,21.145,
15.05,13.049,
15.067,11.437,
15.083,16.717,
15.1,24.927,
15.117,30.659,
15.133,30.612,
15.15,24.804,
15.167,16.572,
15.183,11.3,
15.2,12.863,
15.217,20.772,
15.233,30.128,
15.25,34.282,
15.267,30.024,
15.283,20.638,
15.3,12.74,
15.317,11.146,
15.333,16.288,
15.35,24.32,
15.367,29.95,
15.383,29.903,
15.4,24.2,
15.417,16.148,
15.433,11.013,
15.45,12.557,
15.467,20.273,
15.483,29.357,
15.5,33.376,
15.517,29.255,
15.533,20.142,
15.55,12.437,
15.567,10.863,
15.583,15.872,
15.6,23.728,
15.617,29.255,
15.633,29.209,
15.65,23.611,
15.667,15.736,
15.683,10.734,
15.7,12.259,
15.717,19.785,
15.733,28.605,
15.75,32.497,
15.767,28.507,
15.783,19.656,
15.8,12.141,
15.817,10.588,
15.833,15.467,
15.85,23.15,
15.867,28.574,
15.883,28.529,
15.9,23.036,
15.917,15.335,
15.933,10.462,
15.95,11.967,
15.967,19.307,
15.983,27.874,
16,31.644,
16.017,27.778,
16.033,19.181,
16.05,11.852,
16.067,10.32,
16.083,15.073,
16.1,22.586,
16.117,27.908,
16.133,27.864,
16.15,22.475,
16.167,14.944,
16.183,10.198,
16.2,11.681,
16.217,18.84,
16.233,27.162,
16.25,30.815,
16.267,27.068,
16.283,18.717,
16.3,11.569,
16.317,10.06,
16.333,14.69,
16.35,22.036,
16.367,27.256,
16.383,27.213,
16.4,21.928,
16.417,14.565,
16.433,9.9403,
16.45,11.402,
16.467,18.383,
16.483,26.469,
16.5,30.009,
16.517,26.378,
16.533,18.263,
16.55,11.292,
16.567,9.8058,
16.583,14.317,
16.6,21.5,
16.617,26.618,
16.633,26.576,
16.65,21.394,
16.667,14.195,
16.683,9.6898,
16.7,11.129,
16.717,17.936,
16.733,25.794,
16.75,29.227,
16.767,25.705,
16.783,17.819,
16.8,11.022,
16.817,9.5589,
16.833,13.954,
16.85,20.977,
16.867,25.993,
16.883,25.952,
16.9,20.874,
16.917,13.836,
16.933,9.4459,
16.95,10.862,
16.967,17.5,
16.983,25.137,
17,28.466,
17.017,25.05,
17.033,17.385,
17.05,10.757,
17.067,9.3184,
17.083,13.601,
17.1,20.466,
17.117,25.382,
17.133,25.342,
17.15,20.365,
17.167,13.486,
17.183,9.2084,
17.2,10.601,
17.217,17.073,
17.233,24.497,
17.25,27.727,
17.267,24.413,
17.283,16.961,
17.3,10.499,
17.317,9.0843,
17.333,13.258,
17.35,19.968,
17.367,24.784,
17.383,24.745,
17.4,19.87,
17.417,13.145,
17.433,8.9772,
17.45,10.346,
17.467,16.656,
17.483,23.874,
17.5,27.009,
17.517,23.792,
17.533,16.547,
17.55,10.246,
17.567,8.8563,
17.583,12.924,
17.6,19.482,
17.617,24.199,
17.633,24.161,
17.65,19.386,
17.667,12.814,
17.683,8.752,
17.7,10.097,
17.717,16.249,
17.733,23.267,
17.75,26.31,
17.767,23.187,
17.783,16.142,
17.8,9.9991,
17.817,8.6343,
17.833,12.598,
17.85,19.007,
17.867,23.627,
17.883,23.59,
17.9,18.914,
17.917,12.492,
17.933,8.5326,
17.95,9.8536,
17.967,15.851,
17.983,22.676,
18,25.631,
18.017,22.599,
18.033,15.747,
18.05,9.7578,
18.067,8.418,
18.083,12.281,
18.1,18.545,
18.117,23.068,
18.133,23.031,
18.15,18.453,
18.167,12.177,
18.183,8.319,
18.2,9.6156,
18.217,15.463,
18.233,22.101,
18.25,24.97,
18.267,22.025,
18.283,15.361,
18.3,9.522,
18.317,8.2074,
18.333,11.973,
18.35,18.093,
18.367,22.521,
18.383,22.485,
18.4,18.004,
18.417,11.872,
18.433,8.1109,
18.45,9.3831,
18.467,15.084,
18.483,21.54,
18.5,24.328,
18.517,21.467,
18.533,14.984,
18.55,9.2916,
18.567,8.0022,
18.583,11.672,
18.6,17.653,
18.617,21.986,
18.633,21.951,
18.65,17.566,
18.667,11.574,
18.683,7.9082,
18.7,9.1559,
18.717,14.713,
18.733,20.995,
18.75,23.703,
18.767,20.923,
18.783,14.616,
18.8,9.0665,
18.817,7.8022,
18.833,11.38,
18.85,17.223,
18.867,21.463,
18.883,21.429,
18.9,17.138,
18.917,11.284,
18.933,7.7107,
18.95,8.9339,
18.967,14.352,
18.983,20.463,
19,23.095,
19.017,20.393,
19.033,14.257,
19.05,8.8466,
19.067,7.6075,
19.083,11.095,
19.1,16.803,
19.117,20.952,
19.133,20.918,
19.15,16.72,
19.167,11.002,
19.183,7.5183,
19.2,8.7171,
19.217,13.999,
19.233,19.945,
19.25,22.503,
19.267,19.877,
19.283,13.906,
19.3,8.6318,
19.317,7.4177,
19.333,10.818,
19.35,16.394,
19.367,20.453,
19.383,20.42,
19.4,16.313,
19.417,10.727,
19.433,7.3308,
19.45,8.5053,
19.467,13.654,
19.483,19.441,
19.5,21.927,
19.517,19.375,
19.533,13.563,
19.55,8.422,
19.567,7.2328,
19.583,10.547,
19.6,15.994,
19.617,19.964,
19.633,19.932,
19.65,15.916,
19.667,10.459,
19.683,7.1481,
19.7,8.2984,
19.717,13.318,
19.733,18.95,
19.75,21.367,
19.767,18.885,
19.783,13.229,
19.8,8.2171,
19.817,7.0526,
19.833,10.284,
19.85,15.605,
19.867,19.487,
19.883,19.456,
19.9,15.528,
19.917,10.198,
19.933,6.9701,
19.95,8.0964,
19.967,12.989,
19.983,18.471,
20,20.822,
20.017,18.408,
20.033,12.903,
20.05,8.0169,
20.067,6.877,
20.083,10.028,
20.1,15.224,
20.117,19.021,
20.133,18.99,
20.15,15.149,
20.167,9.9436,
20.183,6.7966,
20.2,7.8991,
20.217,12.669,
20.233,18.005,
20.25,20.292,
20.267,17.944,
20.283,12.585,
20.3,7.8215,
20.317,6.7059,
20.333,9.7777,
20.35,14.853,
20.367,18.565,
20.383,18.535,
20.4,14.78,
20.417,9.6959,
20.433,6.6275,
20.45,7.7065,
20.467,12.356,
20.483,17.551,
20.5,19.775,
20.517,17.491,
20.533,12.274,
20.55,7.6307,
20.567,6.5391,
20.583,9.5343,
20.6,14.491,
20.617,18.12,
20.633,18.09,
20.65,14.42,
20.667,9.4546,
20.683,6.4627,
20.7,7.5184,
20.717,12.051,
20.733,17.109,
20.75,19.272,
20.767,17.051,
20.783,11.971,
20.8,7.4444,
20.817,6.3766,
20.833,9.2971,
20.85,14.138,
20.867,17.685,
20.883,17.656,
20.9,14.068,
20.917,9.2194,
20.933,6.3021,
20.95,7.3347,
20.967,11.753,
20.983,16.678,
21,18.783,
21.017,16.621,
21.033,11.675,
21.05,7.2625,
21.067,6.2181,
21.083,9.066,
21.1,13.793,
21.117,17.26,
21.133,17.232,
21.15,13.725,
21.167,8.9903,
21.183,6.1456,
21.2,7.1554,
21.217,11.463,
21.233,16.258,
21.25,18.306,
21.267,16.203,
21.283,11.387,
21.3,7.0849,
21.317,6.0637,
21.333,8.8408,
21.35,13.456,
21.367,16.845,
21.383,16.817,
21.4,13.39,
21.417,8.767,
21.433,5.993,
21.45,6.9804,
21.467,11.179,
21.483,15.849,
21.5,17.842,
21.517,15.795,
21.533,11.105,
21.55,6.9115,
21.567,5.9132,
21.583,8.6213,
21.6,13.128,
21.617,16.439,
21.633,16.412,
21.65,13.063,
21.667,8.5494,
21.683,5.8442,
21.7,6.8095,
21.717,10.903,
21.733,15.45,
21.75,17.39,
21.767,15.398,
21.783,10.83,
21.8,6.7423,
21.817,5.7664,
21.833,8.4074,
21.85,12.808,
21.867,16.043,
21.883,16.017,
21.9,12.745,
21.917,8.3373,
21.933,5.6992,
21.95,6.6427,
21.967,10.633,
21.983,15.062,
22,16.95,
22.017,15.011,
22.033,10.562,
22.05,6.5771,
22.067,5.6234,
22.083,8.1989,
22.1,12.495,
22.117,15.656,
22.133,15.631,
22.15,12.434,
22.167,8.1306,
22.183,5.5579,
22.2,6.4798,
22.217,10.37,
22.233,14.683,
22.25,16.522,
22.267,14.634,
22.283,10.301,
22.3,6.4158,
22.317,5.4839,
22.333,7.9957,
22.35,12.19,
22.367,15.278,
22.383,15.253,
22.4,12.13,
22.417,7.9291,
22.433,5.4201,
22.45,6.3209,
22.467,10.113,
22.483,14.315,
22.5,16.104,
22.517,14.266,
22.533,10.046,
22.55,6.2584,
22.567,5.348,
22.583,7.7977,
22.6,11.893,
22.617,14.909,
22.633,14.885,
22.65,11.834,
22.667,7.7328,
22.683,5.2857,
22.7,6.1658,
22.717,9.8628,
22.733,13.955,
22.75,15.698,
22.767,13.908,
22.783,9.7971,
22.8,6.1048,
22.817,5.2155,
22.833,7.6046,
22.85,11.602,
22.867,14.549,
22.883,14.525,
22.9,11.545,
22.917,7.5413,
22.933,5.1548,
22.95,6.0144,
22.967,9.6185,
22.983,13.605,
23,15.302,
23.017,13.559,
23.033,9.5544,
23.05,5.9549,
23.067,5.0863,
23.083,7.4164,
23.1,11.319,
23.117,14.197,
23.133,14.174,
23.15,11.263,
23.167,7.3547,
23.183,5.0271,
23.2,5.8667,
23.217,9.3802,
23.233,13.264,
23.25,14.916,
23.267,13.219,
23.283,9.3177,
23.3,5.8086,
23.317,4.9603,
23.333,7.2329,
23.35,11.042,
23.367,13.853,
23.383,13.83,
23.4,10.988,
23.417,7.1728,
23.433,4.9026,
23.45,5.7225,
23.467,9.1478,
23.483,12.931,
23.5,14.541,
23.517,12.888,
23.533,9.0868,
23.55,5.6658,
23.567,4.8375,
23.583,7.0541,
23.6,10.772,
23.617,13.518,
23.633,13.495,
23.65,10.719,
23.667,6.9955,
23.683,4.7812,
23.7,5.5818,
23.717,8.9211,
23.733,12.607,
23.75,14.175,
23.767,12.565,
23.783,8.8616,
23.8,5.5265,
23.817,4.7177,
23.833,6.8797,
23.85,10.509,
23.867,13.19,
23.883,13.168,
23.9,10.457,
23.917,6.8226,
23.933,4.6629,
23.95,5.4445,
23.967,8.7,
23.983,12.292,
24,13.818,
24.017,12.25,
24.033,8.6419,
24.05,5.3905,
24.067,4.601,
24.083,6.7097,
24.1,10.252,
24.117,12.87,
24.133,12.849,
24.15,10.202,
24.167,6.654,
24.183,4.5475,
24.2,5.3105,
24.217,8.4843,
24.233,11.984,
24.25,13.471,
24.267,11.943,
24.283,8.4277,
24.3,5.2578,
24.317,4.4871,
24.333,6.5439,
24.35,10.002,
24.367,12.558,
24.383,12.537,
24.4,9.9523,
24.417,6.4896,
24.433,4.435,
24.45,5.1798,
24.467,8.2739,
24.483,11.684,
24.5,13.132,
24.517,11.644,
24.533,8.2187,
24.55,5.1284,
24.567,4.3761,
24.583,6.3823,
24.6,9.7571,
24.617,12.253,
24.633,12.233,
24.65,9.7089,
24.667,6.3294,
24.683,4.3252,
24.7,5.0522,
24.717,8.0688,
24.733,11.392,
24.75,12.803,
24.767,11.353,
24.783,8.0149,
24.8,5.0021,
24.817,4.2679,
24.833,6.2248,
24.85,9.5185,
24.867,11.955,
24.883,11.936,
24.9,9.4715,
24.917,6.1731,
24.933,4.2183,
24.95,4.9278,
24.967,7.8687,
24.983,11.107,
25,12.481,
25.017,11.069,
25.033,7.8162,
25.05,4.8789,
25.067,4.1623,
25.083,6.0711,
25.1,9.2857,
25.117,11.665,
25.133,11.645,
25.15,9.2398,
25.167,6.0208,
25.183,4.114,
25.2,4.8064,
25.217,7.6736,
25.233,10.829,
25.25,12.168,
25.267,10.793,
25.283,7.6224,
25.3,4.7586,
25.317,4.0594,
25.333,5.9213,
25.35,9.0585,
25.367,11.381,
25.383,11.362,
25.4,9.0137,
25.417,5.8722,
25.433,4.0122,
25.45,4.6879,
25.467,7.4833,
25.483,10.558,
25.5,11.863,
25.517,10.523,
25.533,7.4333,
25.55,4.6413,
25.567,3.959,
25.583,5.7752,
25.6,8.8368,
25.617,11.104,
25.633,11.086,
25.65,8.7932,
25.667,5.7273,
25.683,3.9131,
25.7,4.5723,
25.717,7.2977,
25.733,10.295,
25.75,11.566,
25.767,10.26,
25.783,7.2489,
25.8,4.5269,
25.817,3.8612,
25.833,5.6328,
25.85,8.6206,
25.867,10.834,
25.883,10.816,
25.9,8.5779,
25.917,5.5861,
25.933,3.8163,
25.95,4.4596,
25.967,7.1167,
25.983,10.037,
26,11.276,
26.017,10.004,
26.033,7.0692,
26.05,4.4153,
26.067,3.7657,
26.083,5.4939,
26.1,8.4096,
26.117,10.57,
26.133,10.552,
26.15,8.368,
26.167,5.4483,
26.183,3.722,
26.2,4.3496,
26.217,6.9401,
26.233,9.7869,
26.25,10.994,
26.267,9.7539,
26.283,6.8938,
26.3,4.3063,
26.317,3.6727,
26.333,5.3584,
26.35,8.2037,
26.367,10.312,
26.383,10.295,
26.4,8.1631,
26.417,5.314,
26.433,3.63,
26.45,4.2423,
26.467,6.768,
26.483,9.5426,
26.5,10.719,
26.517,9.5105,
26.533,6.7228,
26.55,4.2001,
26.567,3.5819,
26.583,5.2263,
26.6,8.0028,
26.617,10.061,
26.633,10.044,
26.65,7.9632,
26.667,5.183,
26.683,3.5403,
26.7,4.1376,
26.717,6.6001,
26.733,9.3045,
26.75,10.451,
26.767,9.2732,
26.783,6.556,
26.8,4.0964,
26.817,3.4934,
26.833,5.0975,
26.85,7.8068,
26.867,9.8157,
26.883,9.7995,
26.9,7.7682,
26.917,5.0552,
26.933,3.4529,
26.95,4.0355,
26.967,6.4364,
26.983,9.0724,
27,10.19,
27.017,9.0419,
27.033,6.3934,
27.05,3.9953,
27.067,3.4071,
27.083,4.9718,
27.1,7.6156,
27.117,9.5762,
27.133,9.5605,
27.15,7.5779,
27.167,4.9306,
27.183,3.3676,
27.2,3.9359,
27.217,6.2767,
27.233,8.8461,
27.25,9.9349,
27.267,8.8164,
27.283,6.2348,
27.3,3.8967,
27.317,3.323,
27.333,4.8493,
27.35,7.429,
27.367,9.3425,
27.383,9.3272,
27.4,7.3923,
27.417,4.8091,
27.433,3.2844,
27.45,3.8387,
27.467,6.121,
27.483,8.6256,
27.5,9.6868,
27.517,8.5966,
27.533,6.0802,
27.55,3.8005,
27.567,3.2409,
27.583,4.7298,
27.6,7.247,
27.617,9.1145,
27.633,9.0995,
27.65,7.2111,
27.667,4.6907,
27.683,3.2033,
27.7,3.7439,
27.717,5.9692,
27.733,8.4106,
27.75,9.4449,
27.767,8.3823,
27.783,5.9293,
27.8,3.7066,
27.817,3.1608,
27.833,4.6133,
27.85,7.0694,
27.867,8.8919,
27.883,8.8773,
27.9,7.0344,
27.917,4.5751,
27.933,3.1242,
27.95,3.6514,
27.967,5.8211,
27.983,8.201,
28,9.2091,
28.017,8.1734,
28.033,5.7823,
28.05,3.6151,
28.067,3.0828,
28.083,4.4996,
28.1,6.8961,
28.117,8.6747,
28.133,8.6604,
28.15,6.862,
28.167,4.4624,
28.183,3.047,
28.2,3.5612,
28.217,5.6767,
28.233,7.9967,
28.25,8.9793,
28.267,7.9698,
28.283,5.6388,
28.3,3.5258,
28.317,3.0067,
28.333,4.3888,
28.35,6.7271,
28.367,8.4627,
28.383,8.4488,
28.4,6.6938,
28.417,4.3525,
28.433,2.9718,
28.45,3.4733,
28.467,5.5359,
28.483,7.7975,
28.5,8.7553,
28.517,7.7713,
28.533,5.499,
28.55,3.4387,
28.567,2.9324,
28.583,4.2807,
28.6,6.5622,
28.617,8.2558,
28.633,8.2422,
28.65,6.5297,
28.667,4.2453,
28.683,2.8984,
28.7,3.3875,
28.717,5.3986,
28.733,7.6033,
28.75,8.5369,
28.767,7.5778,
28.783,5.3626,
28.8,3.3537,
28.817,2.86,
28.833,4.1753,
28.85,6.4012,
28.867,8.054,
28.883,8.0407,
28.9,6.3695,
28.917,4.1407,
28.933,2.8268,
28.95,3.3038,
28.967,5.2647,
28.983,7.414,
29,8.3241,
29.017,7.3892,
29.033,5.2296,
29.05,3.2709,
29.067,2.7894,
29.083,4.0724,
29.1,6.2443,
29.117,7.857,
29.133,7.844,
29.15,6.2133,
29.167,4.0387,
29.183,2.757,
29.2,3.2221,
29.217,5.1341,
29.233,7.2295,
29.25,8.1166,
29.267,7.2053,
29.283,5.0999,
29.3,3.19,
29.317,2.7205,
29.333,3.9721,
29.35,6.0911,
29.367,7.6648,
29.383,7.6521,
29.4,6.0609,
29.417,3.9393,
29.433,2.689,
29.45,3.1425,
29.467,5.0068,
29.483,7.0496,
29.5,7.9144,
29.517,7.026,
29.533,4.9734,
29.55,3.1112,
29.567,2.6534,
29.583,3.8743,
29.6,5.9417,
29.617,7.4772,
29.633,7.4649,
29.65,5.9122,
29.667,3.8423,
29.683,2.6226,
29.7,3.0648,
29.717,4.8826,
29.733,6.8742,
29.75,7.7173,
29.767,6.8512,
29.783,4.8501,
29.8,3.0343,
29.817,2.5879,
29.833,3.7789,
29.85,5.7959,
29.867,7.2942,
29.883,7.2821,
29.9,5.7672,
29.917,3.7476,
29.933,2.5579,
29.95,2.9891,
29.967,4.7616,
29.983,6.7032,
30,7.5251,
30.017,6.6807,
30.033,4.7298,
30.05,2.9593,
30.067,2.524,
30.083,3.6859,
30.1,5.6537,
30.117,7.1156,
30.133,7.1038,
30.15,5.6257,
30.167,3.6554,
30.183,2.4947,
30.2,2.9152,
30.217,4.6435,
30.233,6.5365,
30.25,7.3377,
30.267,6.5146,
30.283,4.6125,
30.3,2.8861,
30.317,2.4617,
30.333,3.5951,
30.35,5.5149,
30.367,6.9413,
30.383,6.9298,
30.4,5.4876,
30.417,3.5654,
30.433,2.4331,
30.45,2.8431,
30.467,4.5283,
30.483,6.374,
30.5,7.1551,
30.517,6.3526,
30.533,4.4981,
30.55,2.8148,
30.567,2.4009,
30.583,3.5066,
30.6,5.3796,
30.617,6.7713,
30.633,6.7601,
30.65,5.3529,
30.667,3.4776,
30.683,2.3731,
30.7,2.7728,
30.717,4.4161,
30.733,6.2155,
30.75,6.9771,
30.767,6.1947,
30.783,4.3866,
30.8,2.7452,
30.817,2.3417,
30.833,3.4202,
30.85,5.2475,
30.867,6.6053,
30.883,6.5944,
30.9,5.2215,
30.917,3.3919,
30.933,2.3145,
30.95,2.7043,
30.967,4.3066,
30.983,6.061,
31,6.8035,
31.017,6.0407,
31.033,4.2778,
31.05,2.6773,
31.067,2.2839,
31.083,3.336,
31.1,5.1187,
31.117,6.4435,
31.133,6.4328,
31.15,5.0933,
31.167,3.3084,
31.183,2.2574,
31.2,2.6374,
31.217,4.1998,
31.233,5.9104,
31.25,6.6343,
31.267,5.8906,
31.283,4.1718,
31.3,2.6111,
31.317,2.2275,
31.333,3.2539,
31.35,4.993,
31.367,6.2855,
31.383,6.2751,
31.4,4.9682,
31.417,3.227,
31.433,2.2017,
31.45,2.5722,
31.467,4.0957,
31.483,5.7636,
31.5,6.4693,
31.517,5.7443,
31.533,4.0683,
31.55,2.5466,
31.567,2.1725,
31.583,3.1738,
31.6,4.8704,
31.617,6.1314,
31.633,6.1213,
31.65,4.8462,
31.667,3.1475,
31.683,2.1473,
31.7,2.5086,
31.717,3.9941,
31.733,5.6204,
31.75,6.3084,
31.767,5.6016,
31.783,3.9675,
31.8,2.4836,
31.817,2.1189,
31.833,3.0956,
31.85,4.7508,
31.867,5.981,
31.883,5.9711,
31.9,4.7272,
31.917,3.07,
31.933,2.0943,
31.95,2.4466,
31.967,3.8951,
31.983,5.4808,
32,6.1516,
32.017,5.4624,
32.033,3.8691,
32.05,2.4222,
32.067,2.0666,
32.083,3.0194,
32.1,4.6341,
32.117,5.8343,
32.133,5.8247,
32.15,4.6111,
32.167,2.9944,
32.183,2.0427,
32.2,2.3861,
32.217,3.7986,
32.233,5.3447,
32.25,5.9988,
32.267,5.3268,
32.283,3.7732,
32.3,2.3623,
32.317,2.0156,
32.333,2.9451,
32.35,4.5202,
32.367,5.6912,
32.383,5.6818,
32.4,4.4978,
32.417,2.9207,
32.433,1.9922,
32.45,2.3271,
32.467,3.7044,
32.483,5.2119,
32.5,5.8497,
32.517,5.1945,
32.533,3.6797,
32.55,2.3039,
32.567,1.9659,
32.583,2.8726,
32.6,4.4092,
32.617,5.5515,
32.633,5.5424,
32.65,4.3873,
32.667,2.8488,
32.683,1.9431,
32.7,2.2695,
32.717,3.6126,
32.733,5.0825,
32.75,5.7044,
32.767,5.0655,
32.783,3.5885,
32.8,2.2469,
32.817,1.9174,
32.833,2.8018,
32.85,4.3008,
32.867,5.4153,
32.883,5.4063,
32.9,4.2795,
32.917,2.7786,
32.933,1.8951,
32.95,2.2134,
32.967,3.5231,
32.983,4.9564,
33,5.5627,
33.017,4.9398,
33.033,3.4996,
33.05,2.1913,
33.067,1.87,
33.083,2.7328,
33.1,4.1952,
33.117,5.2824,
33.133,5.2736,
33.15,4.1743,
33.167,2.7102,
33.183,1.8484,
33.2,2.1587,
33.217,3.4358,
33.233,4.8334,
33.25,5.4246,
33.267,4.8172,
33.283,3.4129,
33.3,2.1371,
33.317,1.8239,
33.333,2.6655,
33.35,4.0921,
33.367,5.1527,
33.383,5.1442,
33.4,4.0717,
33.417,2.6435,
33.433,1.8028,
33.45,2.1053,
33.467,3.3506,
33.483,4.7134,
33.5,5.2899,
33.517,4.6976,
33.533,3.3283,
33.55,2.0843,
33.567,1.7789,
33.583,2.5999,
33.6,3.9915,
33.617,5.0262,
33.633,5.0178,
33.65,3.9717,
33.667,2.5784,
33.683,1.7583,
33.7,2.0532,
33.717,3.2676,
33.733,4.5965,
33.75,5.1585,
33.767,4.5811,
33.783,3.2458,
33.8,2.0328,
33.817,1.735,
33.833,2.5359,
33.85,3.8934,
33.867,4.9027,
33.883,4.8946,
33.9,3.874,
33.917,2.5149,
33.933,1.7149,
33.95,2.0024,
33.967,3.1866,
33.983,4.4824,
34,5.0305,
34.017,4.4674,
34.033,3.1654,
34.05,1.9825,
34.067,1.6922,
34.083,2.4734,
34.1,3.7976,
34.117,4.7823,
34.133,4.7744,
34.15,3.7788,
34.167,2.453,
34.183,1.6726,
34.2,1.9529,
34.217,3.1077,
34.233,4.3712,
34.25,4.9057,
34.267,4.3566,
34.283,3.087,
34.3,1.9335,
34.317,1.6504,
34.333,2.4125,
34.35,3.7043,
34.367,4.6648,
34.383,4.6571,
34.4,3.6859,
34.417,2.3926,
34.433,1.6313,
34.45,1.9046,
34.467,3.0307,
34.483,4.2628,
34.5,4.7839,
34.517,4.2485,
34.533,3.0105,
34.55,1.8856,
34.567,1.6097,
34.583,2.3531,
34.6,3.6132,
34.617,4.5502,
34.633,4.5427,
34.65,3.5952,
34.667,2.3336,
34.683,1.591,
34.7,1.8575,
34.717,2.9556,
34.733,4.1571,
34.75,4.6652,
34.767,4.1432,
34.783,2.9359,
34.8,1.839,
34.817,1.57,
34.833,2.2952,
34.85,3.5243,
34.867,4.4384,
34.883,4.4311,
34.9,3.5068,
34.917,2.2762,
34.933,1.5518,
34.95,1.8116,
34.967,2.8824,
34.983,4.054,
35,4.5495,
35.017,4.0404,
35.033,2.8632,
35.05,1.7935,
35.067,1.5312,
35.083,2.2387,
35.1,3.4377,
35.117,4.3293,
35.133,4.3222,
35.15,3.4206,
35.167,2.2201,
35.183,1.5135,
35.2,1.7668,
35.217,2.811,
35.233,3.9535,
35.25,4.4367,
35.267,3.9403,
35.283,2.7923,
35.3,1.7492,
35.317,1.4934,
35.333,2.1835,
35.35,3.3531,
35.367,4.2229,
35.383,4.2159,
35.4,3.3364,
35.417,2.1654,
35.433,1.4761,
35.45,1.7231,
35.467,2.7414,
35.483,3.8555,
35.5,4.3266,
35.517,3.8426,
35.533,2.7231,
35.55,1.7059,
35.567,1.4566,
35.583,2.1297,
35.6,3.2706,
35.617,4.1191,
35.633,4.1123,
35.65,3.2544,
35.667,2.1121,
35.683,1.4397,
35.7,1.6805,
35.717,2.6735,
35.733,3.7599,
35.75,4.2193,
35.767,3.7473,
35.783,2.6557,
35.8,1.6637,
35.817,1.4207,
35.833,2.0773,
35.85,3.1902,
35.867,4.0178,
35.883,4.0112,
35.9,3.1743,
35.917,2.0601,
35.933,1.4042,
35.95,1.6389,
35.967,2.6073,
35.983,3.6667,
36,4.1147,
36.017,3.6544,
36.033,2.5899,
36.05,1.6226,
36.067,1.3856,
36.083,2.0261,
36.1,3.1117,
36.117,3.9191,
36.133,3.9126,
36.15,3.0962,
36.167,2.0093,
36.183,1.3695,
36.2,1.5984,
36.217,2.5427,
36.233,3.5758,
36.25,4.0127,
36.267,3.5639,
36.283,2.5258,
36.3,1.5825,
36.317,1.3514,
36.333,1.9762,
36.35,3.0351,
36.367,3.8227,
36.383,3.8163,
36.4,3.02,
36.417,1.9599,
36.433,1.3357,
36.45,1.5589,
36.467,2.4797,
36.483,3.4872,
36.5,3.9132,
36.517,3.4755,
36.533,2.4632,
36.55,1.5433,
36.567,1.3181,
36.583,1.9275,
36.6,2.9604,
36.617,3.7287,
36.633,3.7225,
36.65,2.9457,
36.667,1.9116,
36.683,1.3028,
36.7,1.5203,
36.717,2.4183,
36.733,3.4008,
36.75,3.8162,
36.767,3.3894,
36.783,2.4022,
36.8,1.5052,
36.817,1.2855,
36.833,1.8801,
36.85,2.8876,
36.867,3.637,
36.883,3.6309,
36.9,2.8732,
36.917,1.8645,
36.933,1.2706,
36.95,1.4827,
36.967,2.3585,
36.983,3.3165,
37,3.7217,
37.017,3.3054,
37.033,2.3427,
37.05,1.4679,
37.067,1.2538,
37.083,1.8337,
37.1,2.8165,
37.117,3.5475,
37.133,3.5416,
37.15,2.8025,
37.167,1.8186,
37.183,1.2393,
37.2,1.4461,
37.217,2.3001,
37.233,3.2343,
37.25,3.6294,
37.267,3.2235,
37.283,2.2847,
37.3,1.4316,
37.317,1.2229,
37.333,1.7886,
37.35,2.7472,
37.367,3.4602,
37.383,3.4545,
37.4,2.7336,
37.417,1.7738,
37.433,1.2087,
37.45,1.4103,
37.467,2.2431,
37.483,3.1542,
37.5,3.5395,
37.517,3.1437,
37.533,2.2282,
37.55,1.3962,
37.567,1.1927,
37.583,1.7445,
37.6,2.6796,
37.617,3.3751,
37.633,3.3695,
37.65,2.6663,
37.667,1.7301,
37.683,1.1789,
37.7,1.3754,
37.717,2.1876,
37.733,3.0761,
37.75,3.4518,
37.767,3.0658,
37.783,2.173,
37.8,1.3617,
37.817,1.1633,
37.833,1.7015,
37.85,2.6136,
37.867,3.292,
37.883,3.2866,
37.9,2.6006,
37.917,1.6874,
37.933,1.1498,
37.95,1.3414,
37.967,2.1334,
37.983,2.9999,
38,3.3663,
38.017,2.9899,
38.033,2.1192,
38.05,1.328,
38.067,1.1346,
38.083,1.6596,
38.1,2.5493,
38.117,3.211,
38.133,3.2057,
38.15,2.5366,
38.167,1.6459,
38.183,1.1214,
38.2,1.3082,
38.217,2.0806,
38.233,2.9256,
38.25,3.2829,
38.267,2.9158,
38.283,2.0668,
38.3,1.2952,
38.317,1.1066,
38.333,1.6187,
38.35,2.4865,
38.367,3.132,
38.383,3.1268,
38.4,2.4742,
38.417,1.6053,
38.433,1.0937,
38.45,1.2759,
38.467,2.0291,
38.483,2.8531,
38.5,3.2016,
38.517,2.8436,
38.533,2.0156,
38.55,1.2632,
38.567,1.0793,
38.583,1.5788,
38.6,2.4253,
38.617,3.0549,
38.633,3.0498,
38.65,2.4132,
38.667,1.5658,
38.683,1.0667,
38.7,1.2443,
38.717,1.9789,
38.733,2.7825,
38.75,3.1223,
38.767,2.7732,
38.783,1.9657,
38.8,1.2319,
38.817,1.0526,
38.833,1.5399,
38.85,2.3656,
38.867,2.9797,
38.883,2.9748,
38.9,2.3538,
38.917,1.5272,
38.933,1.0404,
38.95,1.2136,
38.967,1.9299,
38.983,2.7136,
39,3.045,
39.017,2.7045,
39.033,1.9171,
39.05,1.2015,
39.067,1.0266,
39.083,1.502,
39.1,2.3073,
39.117,2.9064,
39.133,2.9015,
39.15,2.2959,
39.167,1.4896,
39.183,1.0147,
39.2,1.1836,
39.217,1.8822,
39.233,2.6464,
39.25,2.9696,
39.267,2.6376,
39.283,1.8696,
39.3,1.1718,
39.317,1.0013,
39.333,1.465,
39.35,2.2505,
39.367,2.8348,
39.383,2.8301,
39.4,2.2393,
39.417,1.4529,
39.433,0.9897,
39.45,1.1543,
39.467,1.8356,
39.483,2.5809,
39.5,2.896,
39.517,2.5723,
39.533,1.8233,
39.55,1.1428,
39.567,0.9766,
39.583,1.4289,
39.6,2.1951,
39.617,2.765,
39.633,2.7604,
39.65,2.1842,
39.667,1.4171,
39.683,0.96528,
39.7,1.1258,
39.717,1.7902,
39.733,2.517,
39.75,2.8243,
39.767,2.5086,
39.783,1.7782,
39.8,1.1146,
39.817,0.9525,
39.833,1.3937,
39.85,2.141,
39.867,2.6969,
39.883,2.6925,
39.9,2.1304,
39.917,1.3821,
39.933,0.94146,
39.95,1.0979,
39.967,1.7459,
39.983,2.4547,
40,2.7544,
40.017,2.4465,
40.033,1.7342,
40.05,1.087,
40.067,0.929,
40.083,1.3593,
40.1,2.0883,
40.117,2.6305,
40.133,2.6262,
40.15,2.0779,
40.167,1.3481,
40.183,0.91823,
40.2,1.0708,
40.217,1.7027,
40.233,2.3939,
40.25,2.6862,
40.267,2.3859,
40.283,1.6913,
40.3,1.0601,
40.317,0.90607,
40.333,1.3258,
40.35,2.0369,
40.367,2.5657,
40.383,2.5615,
40.4,2.0267,
40.417,1.3149,
40.433,0.89557,
40.45,1.0443,
40.467,1.6605,
40.483,2.3347,
40.5,2.6197,
40.517,2.3269,
40.533,1.6495,
40.55,1.0339,
40.567,0.88371,
40.583,1.2932,
40.6,1.9867,
40.617,2.5026,
40.633,2.4984,
40.65,1.9768,
40.667,1.2824,
40.683,0.87347,
40.7,1.0185,
40.717,1.6194,
40.733,2.2769,
40.75,2.5549,
40.767,2.2693,
40.783,1.6087,
40.8,1.0084,
40.817,0.8619,
40.833,1.2613,
40.85,1.9378,
40.867,2.4409,
40.883,2.4369,
40.9,1.9281,
40.917,1.2508,
40.933,0.85191,
40.95,0.99333,
40.967,1.5794,
40.983,2.2205,
41,2.4917,
41.017,2.2131,
41.033,1.5689,
41.05,0.98343,
41.067,0.84063,
41.083,1.2302,
41.1,1.89,
41.117,2.3808,
41.133,2.3768,
41.15,1.8806,
41.167,1.22,
41.183,0.83089,
41.2,0.96877,
41.217,1.5403,
41.233,2.1656,
41.25,2.43,
41.267,2.1584,
41.283,1.53,
41.3,0.95912,
41.317,0.81989,
41.333,1.1999,
41.35,1.8435,
41.367,2.3222,
41.383,2.3183,
41.4,1.8343,
41.417,1.1899,
41.433,0.81038,
41.45,0.94482,
41.467,1.5022,
41.483,2.112,
41.5,2.3699,
41.517,2.105,
41.533,1.4922,
41.55,0.93541,
41.567,0.79965,
41.583,1.1703,
41.6,1.798,
41.617,2.2649,
41.633,2.2612,
41.65,1.7891,
41.667,1.1606,
41.683,0.79038,
41.7,0.92147,
41.717,1.465,
41.733,2.0597,
41.75,2.3112,
41.767,2.0529,
41.783,1.4553,
41.8,0.91229,
41.817,0.77992,
41.833,1.1415,
41.85,1.7537,
41.867,2.2091,
41.883,2.2055,
41.9,1.745,
41.917,1.132,
41.933,0.77088,
41.95,0.89869,
41.967,1.4288,
41.983,2.0088,
42,2.254,
42.017,2.0021,
42.033,1.4193,
42.05,0.88973,
42.067,0.76067,
42.083,1.1133,
42.1,1.7105,
42.117,2.1547,
42.133,2.1511,
42.15,1.702,
42.167,1.1041,
42.183,0.75185,
42.2,0.87647,
42.217,1.3935,
42.233,1.9591,
42.25,2.1983,
42.267,1.9525,
42.283,1.3842,
42.3,0.86774,
42.317,0.7419,
42.333,1.0859,
42.35,1.6684,
42.367,2.1016,
42.383,2.0981,
42.4,1.6601,
42.417,1.0769,
42.433,0.7333,
42.45,0.85481,
42.467,1.359,
42.483,1.9106,
42.5,2.1439,
42.517,1.9042,
42.533,1.3499,
42.55,0.84629,
42.567,0.72359,
42.583,1.0591,
42.6,1.6273,
42.617,2.0498,
42.633,2.0464,
42.65,1.6192,
42.667,1.0503,
42.683,0.7152,
42.7,0.83368,
42.717,1.3254,
42.733,1.8633,
42.75,2.0908,
42.767,1.8571,
42.783,1.3166,
42.8,0.82537,
42.817,0.70573,
42.833,1.033,
42.85,1.5872,
42.867,1.9993,
42.883,1.996,
42.9,1.5793,
42.917,1.0244,
42.933,0.69755,
42.95,0.81307,
42.967,1.2926,
42.983,1.8173,
43,2.0391,
43.017,1.8112,
43.033,1.284,
43.05,0.80497,
43.067,0.68831,
43.083,1.0075,
43.1,1.548,
43.117,1.9501,
43.133,1.9468,
43.15,1.5403,
43.167,0.99918,
43.183,0.68033,
43.2,0.79298,
43.217,1.2606,
43.233,1.7723,
43.25,1.9887,
43.267,1.7664,
43.283,1.2522,
43.3,0.78508,
43.317,0.67133,
43.333,0.98269,
43.35,1.5099,
43.367,1.902,
43.383,1.8988,
43.4,1.5024,
43.417,0.97455,
43.433,0.66354,
43.45,0.77338,
43.467,1.2294,
43.483,1.7285,
43.5,1.9395,
43.517,1.7227,
43.533,1.2213,
43.55,0.76567,
43.567,0.65476,
43.583,0.95847,
43.6,1.4727,
43.617,1.8551,
43.633,1.8521,
43.65,1.4653,
43.667,0.95052,
43.683,0.64717,
43.7,0.75426,
43.717,1.199,
43.733,1.6857,
43.75,1.8915,
43.767,1.6801,
43.783,1.1911,
43.8,0.74675,
43.817,0.6386,
43.833,0.93483,
43.85,1.4364,
43.867,1.8094,
43.883,1.8064,
43.9,1.4292,
43.917,0.92709,
43.933,0.63119,
43.95,0.73562,
43.967,1.1694,
43.983,1.644,
44,1.8447,
44.017,1.6385,
44.033,1.1616,
44.05,0.72829,
44.067,0.62284,
44.083,0.91178,
44.1,1.401,
44.117,1.7648,
44.133,1.7619,
44.15,1.394,
44.167,0.90423,
44.183,0.61561,
44.2,0.71744,
44.217,1.1405,
44.233,1.6034,
44.25,1.7991,
44.267,1.598,
44.283,1.1329,
44.3,0.71029,
44.317,0.60746,
44.333,0.8893,
44.35,1.3664,
44.367,1.7213,
44.383,1.7185,
44.4,1.3596,
44.417,0.88193,
44.433,0.60042,
44.45,0.69971,
44.467,1.1123,
44.483,1.5637,
44.5,1.7546,
44.517,1.5585,
44.533,1.1049,
44.55,0.69274,
44.567,0.59247,
44.583,0.86738,
44.6,1.3328,
44.617,1.6789,
44.633,1.6761,
44.65,1.3261,
44.667,0.86019,
44.683,0.5856,
44.7,0.68242,
44.717,1.0848,
44.733,1.525,
44.75,1.7112,
44.767,1.52,
44.783,1.0776,
44.8,0.67562,
44.817,0.57785,
44.833,0.84599,
44.85,1.2999,
44.867,1.6375,
44.883,1.6348,
44.9,1.2934,
44.917,0.83898,
44.933,0.57115,
44.95,0.66555,
44.967,1.058,
44.983,1.4873,
45,1.6689,
45.017,1.4824,
45.033,1.0509,
45.05,0.65892,
45.067,0.56359,
45.083,0.82513,
45.1,1.2678,
45.117,1.5971,
45.133,1.5945,
45.15,1.2615,
45.167,0.81829,
45.183,0.55705,
45.2,0.6491,
45.217,1.0318,
45.233,1.4506,
45.25,1.6276,
45.267,1.4457,
45.283,1.0249,
45.3,0.64264,
45.317,0.54968,
45.333,0.80478,
45.35,1.2366,
45.367,1.5578,
45.383,1.5552,
45.4,1.2304,
45.417,0.79811,
45.433,0.5433,
45.45,0.63306,
45.467,1.0063,
45.483,1.4147,
45.5,1.5874,
45.517,1.41,
45.533,0.99959,
45.55,0.62676,
45.567,0.53611,
45.583,0.78493,
45.6,1.2061,
45.617,1.5194,
45.633,1.5168,
45.65,1.2001,
45.667,0.77843,
45.683,0.52989,
45.7,0.61742,
45.717,0.9814,
45.733,1.3797,
45.75,1.5481,
45.767,1.3751,
45.783,0.97487,
45.8,0.61127,
45.817,0.52288,
45.833,0.76558,
45.85,1.1764,
45.867,1.4819,
45.883,1.4794,
45.9,1.1705,
45.917,0.75923,
45.933,0.51682,
45.95,0.60216,
45.967,0.95714,
45.983,1.3456,
46,1.5099,
46.017,1.3411,
46.033,0.95077,
46.05,0.59616,
46.067,0.50997,
46.083,0.7467,
46.1,1.1474,
46.117,1.4454,
46.133,1.443,
46.15,1.1416,
46.167,0.74051,
46.183,0.50406,
46.2,0.58728,
46.217,0.93348,
46.233,1.3123,
46.25,1.4725,
46.267,1.308,
46.283,0.92727,
46.3,0.58143,
46.317,0.49739,
46.333,0.72828,
46.35,1.1191,
46.367,1.4097,
46.383,1.4074,
46.4,1.1135,
46.417,0.72225,
46.433,0.49162,
46.45,0.57277,
46.467,0.9104,
46.483,1.2799,
46.5,1.4361,
46.517,1.2756,
46.533,0.90434,
46.55,0.56706,
46.567,0.48511,
46.583,0.71032,
46.6,1.0915,
46.617,1.375,
46.633,1.3727,
46.65,1.086,
46.667,0.70443,
46.683,0.47948,
46.7,0.55861,
46.717,0.8879,
46.733,1.2482,
46.75,1.4006,
46.767,1.2441,
46.783,0.88199,
46.8,0.55305,
46.817,0.47313,
46.833,0.6928,
46.85,1.0646,
46.867,1.3411,
46.883,1.3388,
46.9,1.0593,
46.917,0.68706,
46.933,0.46765,
46.95,0.54481,
46.967,0.86595,
46.983,1.2174,
47,1.366,
47.017,1.2133,
47.033,0.86019,
47.05,0.53938,
47.067,0.46146,
47.083,0.67572,
47.1,1.0383,
47.117,1.308,
47.133,1.3058,
47.15,1.0331,
47.167,0.67011,
47.183,0.45611,
47.2,0.53135,
47.217,0.84454,
47.233,1.1873,
47.25,1.3322,
47.267,1.1833,
47.283,0.83892,
47.3,0.52606,
47.317,0.45007,
47.333,0.65905,
47.35,1.0127,
47.367,1.2757,
47.383,1.2736,
47.4,1.0077,
47.417,0.65359,
47.433,0.44485,
47.45,0.51822,
47.467,0.82367,
47.483,1.1579,
47.5,1.2993,
47.517,1.1541,
47.533,0.81819,
47.55,0.51306,
47.567,0.43896,
47.583,0.64279,
47.6,0.98773,
47.617,1.2443,
47.633,1.2422,
47.65,0.98281,
47.667,0.63747,
47.683,0.43387,
47.7,0.50541,
47.717,0.80331,
47.733,1.1293,
47.75,1.2672,
47.767,1.1255,
47.783,0.79796,
47.8,0.50038,
47.817,0.42812,
47.833,0.62694,
47.85,0.96337,
47.867,1.2136,
47.883,1.2116,
47.9,0.95857,
47.917,0.62174,
47.933,0.42316,
47.95,0.49293,
47.967,0.78345,
47.983,1.1014,
48,1.2359,
48.017,1.0977,
48.033,0.77824,
48.05,0.48802,
48.067,0.41756,
48.083,0.61148,
48.1,0.93961,
48.117,1.1837,
48.133,1.1817,
48.15,0.93493,
48.167,0.60641,
48.183,0.41271,
48.2,0.48075,
48.217,0.76409,
48.233,1.0742,
48.25,1.2053,
48.267,1.0706,
48.283,0.75901,
48.3,0.47596,
48.317,0.40725,
48.333,0.59639,
48.35,0.91644,
48.367,1.1545,
48.383,1.1525,
48.4,0.91187,
48.417,0.59145,
48.433,0.40253,
48.45,0.46887,
48.467,0.7452,
48.483,1.0476,
48.5,1.1755,
48.517,1.0441,
48.533,0.74025,
48.55,0.4642,
48.567,0.3972,
48.583,0.58168,
48.6,0.89384,
48.617,1.126,
48.633,1.1241,
48.65,0.88938,
48.667,0.57686,
48.683,0.39259,
48.7,0.45728,
48.717,0.72678,
48.733,1.0217,
48.75,1.1465,
48.767,1.0183,
48.783,0.72195,
48.8,0.45273,
48.817,0.38739,
48.833,0.56733,
48.85,0.87179,
48.867,1.0982,
48.883,1.0964,
48.9,0.86745,
48.917,0.56263,
48.933,0.3829,
48.95,0.44599,
48.967,0.70882,
48.983,0.99648,
49,1.1181,
49.017,0.99316,
49.033,0.70411,
49.05,0.44155,
49.067,0.37783,
49.083,0.55334,
49.1,0.85029,
49.117,1.0711,
49.133,1.0694,
49.15,0.84605,
49.167,0.54875,
49.183,0.37345,
49.2,0.43497,
49.217,0.6913,
49.233,0.97185,
49.25,1.0905,
49.267,0.96861,
49.283,0.68671,
49.3,0.43064,
49.317,0.3685,
49.333,0.53969,
49.35,0.82932,
49.367,1.0447,
49.383,1.043,
49.4,0.82518,
49.417,0.53521,
49.433,0.36423,
49.45,0.42422,
49.467,0.67422,
49.483,0.94783,
49.5,1.0635,
49.517,0.94467,
49.533,0.66974,
49.55,0.42,
49.567,0.35941,
49.583,0.52637,
49.6,0.80886,
49.617,1.0189,
49.633,1.0173,
49.65,0.80483,
49.667,0.52201,
49.683,0.35524,
49.7,0.41374,
49.717,0.65756,
49.733,0.92441,
49.75,1.0373,
49.767,0.92133,
49.783,0.65318,
49.8,0.40962,
49.817,0.35054,
49.833,0.51339,
49.85,0.78891,
49.867,0.99381,
49.883,0.99216,
49.9,0.78498,
49.917,0.50913,
49.933,0.34647,
49.95,0.40352,
49.967,0.64131,
49.983,0.90156,
50,1.0116,
50.017,0.89856,
50.033,0.63704,
50.05,0.3995,
50.067,0.34188,
50.083,0.50072,
50.1,0.76945,
50.117,0.9693,
50.133,0.96769,
50.15,0.76561,
50.167,0.49657,
50.183,0.33792,
50.2,0.39355,
50.217,0.62546,
50.233,0.87928,
50.25,0.98662,
50.267,0.87635,
50.283,0.6213,
50.3,0.38963,
50.317,0.33344,
50.333,0.48837,
50.35,0.75047,
50.367,0.94539,
50.383,0.94382,
50.4,0.74673,
50.417,0.48432,
50.433,0.32958,
50.45,0.38383,
50.467,0.61,
50.483,0.85755,
50.5,0.96224,
50.517,0.8547,
50.533,0.60595,
50.55,0.38001,
50.567,0.32521,
50.583,0.47632,
50.6,0.73195,
50.617,0.92207,
50.633,0.92053,
50.65,0.72831,
50.667,0.47237,
50.683,0.32144,
50.7,0.37434,
50.717,0.59493,
50.733,0.83636,
50.75,0.93846,
50.767,0.83358,
50.783,0.59097,
50.8,0.37062,
50.817,0.31719,
50.833,0.46457,
50.85,0.7139,
50.867,0.89932,
50.883,0.89782,
50.9,0.71034,
50.917,0.46072,
50.933,0.31351,
50.95,0.3651,
50.967,0.58023,
50.983,0.81569,
51,0.91527,
51.017,0.81298,
51.033,0.57637,
51.05,0.36146,
51.067,0.30936,
51.083,0.45311,
51.1,0.69629,
51.117,0.87713,
51.133,0.87568,
51.15,0.69282,
51.167,0.44935,
51.183,0.30577,
51.2,0.35608,
51.217,0.56589,
51.233,0.79554,
51.25,0.89265,
51.267,0.79289,
51.283,0.56213,
51.3,0.35253,
51.317,0.30172,
51.333,0.44193,
51.35,0.67911,
51.367,0.8555,
51.383,0.85407,
51.4,0.67572,
51.417,0.43827,
51.433,0.29822,
51.45,0.34728,
51.467,0.55191,
51.483,0.77588,
51.5,0.8706,
51.517,0.7733,
51.533,0.54824,
51.55,0.34382,
51.567,0.29427,
51.583,0.43103,
51.6,0.66235,
51.617,0.83439,
51.633,0.833,
51.65,0.65905,
51.667,0.42745,
51.683,0.29086,
51.7,0.3387,
51.717,0.53827,
51.733,0.75671,
51.75,0.84908,
51.767,0.75419,
51.783,0.53469,
51.8,0.33533,
51.817,0.28701,
51.833,0.42039,
51.85,0.64601,
51.867,0.81381,
51.883,0.81245,
51.9,0.64279,
51.917,0.41691,
51.933,0.28368,
51.95,0.33034,
51.967,0.52497,
51.983,0.73801,
52,0.8281,
52.017,0.73555,
52.033,0.52148,
52.05,0.32705,
52.067,0.27992,
52.083,0.41002,
52.1,0.63008,
52.117,0.79373,
52.133,0.79241,
52.15,0.62694,
52.167,0.40662,
52.183,0.27668,
52.2,0.32217,
52.217,0.512,
52.233,0.71978,
52.25,0.80764,
52.267,0.71738,
52.283,0.5086,
52.3,0.31897,
52.317,0.27301,
52.333,0.3999,
52.35,0.61453,
52.367,0.77414,
52.383,0.77286,
52.4,0.61147,
52.417,0.39659,
52.433,0.26985,
52.45,0.31422,
52.467,0.49935,
52.483,0.70199,
52.5,0.78769,
52.517,0.69965,
52.533,0.49603,
52.55,0.31109,
52.567,0.26627,
52.583,0.39004,
52.6,0.59937,
52.617,0.75504,
52.633,0.75379,
52.65,0.59638,
52.667,0.3868,
52.683,0.26319,
52.7,0.30645,
52.717,0.48701,
52.733,0.68465,
52.75,0.76823,
52.767,0.68237,
52.783,0.48377,
52.8,0.3034,
52.817,0.2597,
52.833,0.38041,
52.85,0.58458,
52.867,0.73642,
52.883,0.73519,
52.9,0.58167,
52.917,0.37726,
52.933,0.25669,
52.95,0.29888,
52.967,0.47498,
52.983,0.66773,
53,0.74924,
53.017,0.66551,
53.033,0.47182,
53.05,0.29591,
53.067,0.25329,
53.083,0.37102,
53.1,0.57016,
53.117,0.71825,
53.133,0.71705,
53.15,0.56731,
53.167,0.36795,
53.183,0.25035,
53.2,0.2915,
53.217,0.46325,
53.233,0.65123,
53.25,0.73073,
53.267,0.64907,
53.283,0.46017,
53.3,0.2886,
53.317,0.24704,
53.333,0.36187,
53.35,0.55609,
53.367,0.70052,
53.383,0.69936,
53.4,0.55332,
53.417,0.35887,
53.433,0.24417,
53.45,0.2843,
53.467,0.4518,
53.483,0.63514,
53.5,0.71268,
53.517,0.63303,
53.533,0.4488,
53.55,0.28147,
53.567,0.24094,
53.583,0.35294,
53.6,0.54237,
53.617,0.68324,
53.633,0.6821,
53.65,0.53966,
53.667,0.35001,
53.683,0.23814,
53.7,0.27728,
53.717,0.44064,
53.733,0.61945,
53.75,0.69507,
53.767,0.61739,
53.783,0.43771,
53.8,0.27452,
53.817,0.23499,
53.833,0.34423,
53.85,0.52899,
53.867,0.66638,
53.883,0.66527,
53.9,0.52635,
53.917,0.34138,
53.933,0.23227,
53.95,0.27043,
53.967,0.42975,
53.983,0.60415,
54,0.6779,
54.017,0.60214,
54.033,0.42689,
54.05,0.26774,
54.067,0.22919,
54.083,0.33574,
54.1,0.51593,
54.117,0.64994,
54.133,0.64886,
54.15,0.51336,
54.167,0.33295,
54.183,0.22653,
54.2,0.26375,
54.217,0.41914,
54.233,0.58922,
54.25,0.66115,
54.267,0.58726,
54.283,0.41635,
54.3,0.26112,
54.317,0.22353,
54.333,0.32745,
54.35,0.5032,
54.367,0.6339,
54.383,0.63284,
54.4,0.50069,
54.417,0.32474,
54.433,0.22094,
54.45,0.25724,
54.467,0.40878,
54.483,0.57467,
54.5,0.64482,
54.517,0.57275,
54.533,0.40606,
54.55,0.25467,
54.567,0.21801,
54.583,0.31937,
54.6,0.49079,
54.617,0.61826,
54.633,0.61723,
54.65,0.48834,
54.667,0.31672,
54.683,0.21549,
54.7,0.25088,
54.717,0.39868,
54.733,0.56047,
54.75,0.62889,
54.767,0.5586,
54.783,0.39603,
54.8,0.24838,
54.817,0.21263,
54.833,0.31149,
54.85,0.47867,
54.867,0.603,
54.883,0.602,
54.9,0.47629,
54.917,0.30891,
54.933,0.21017,
54.95,0.24468,
54.967,0.38883,
54.983,0.54662,
55,0.61335,
55.017,0.5448,
55.033,0.38625,
55.05,0.24225,
55.067,0.20738,
55.083,0.3038,
55.1,0.46686,
55.117,0.58812,
55.133,0.58714,
55.15,0.46454,
55.167,0.30128,
55.183,0.20498,
55.2,0.23864,
55.217,0.37923,
55.233,0.53312,
55.25,0.5982,
55.267,0.53134,
55.283,0.37671,
55.3,0.23627,
55.317,0.20226,
55.333,0.29631,
55.35,0.45534,
55.367,0.57361,
55.383,0.57265,
55.4,0.45307,
55.417,0.29385,
55.433,0.19992,
55.45,0.23275,
55.467,0.36986,
55.483,0.51995,
55.5,0.58342,
55.517,0.51822,
55.533,0.3674,
55.55,0.23043,
55.567,0.19727,
55.583,0.28899,
55.6,0.44411,
55.617,0.55945,
55.633,0.55852,
55.65,0.44189,
55.667,0.2866,
55.683,0.19498,
55.7,0.227,
55.717,0.36072,
55.733,0.50711,
55.75,0.56901,
55.767,0.50542,
55.783,0.35832,
55.8,0.22474,
55.817,0.1924,
55.833,0.28186,
55.85,0.43315,
55.867,0.54565,
55.883,0.54474,
55.9,0.43099,
55.917,0.27952,
55.933,0.19017,
55.95,0.22139,
55.967,0.35181,
55.983,0.49458,
56,0.55496,
56.017,0.49293,
56.033,0.34947,
56.05,0.21919,
56.067,0.18765,
56.083,0.27491,
56.1,0.42246,
56.117,0.53218,
56.133,0.5313,
56.15,0.42035,
56.167,0.27263,
56.183,0.18547,
56.2,0.21592,
56.217,0.34312,
56.233,0.48236,
56.25,0.54125,
56.267,0.48076,
56.283,0.34084,
56.3,0.21377,
56.317,0.18302,
56.333,0.26812,
56.35,0.41203,
56.367,0.51905,
56.383,0.51819,
56.4,0.40998,
56.417,0.2659,
56.433,0.1809,
56.45,0.21059,
56.467,0.33465,
56.483,0.47045,
56.5,0.52788,
56.517,0.46888,
56.533,0.33242,
56.55,0.20849,
56.567,0.1785,
56.583,0.26151,
56.6,0.40186,
56.617,0.50624,
56.633,0.5054,
56.65,0.39986,
56.667,0.25934,
56.683,0.17643,
56.7,0.20539,
56.717,0.32638,
56.733,0.45883,
56.75,0.51484,
56.767,0.4573,
56.783,0.32421,
56.8,0.20334,
56.817,0.17409,
56.833,0.25505,
56.85,0.39195,
56.867,0.49375,
56.883,0.49293,
56.9,0.38999,
56.917,0.25294,
56.933,0.17207,
56.95,0.20032,
56.967,0.31832,
56.983,0.44749,
57,0.50212,
57.017,0.446,
57.033,0.3162,
57.05,0.19832,
57.067,0.1698,
57.083,0.24876,
57.1,0.38227,
57.117,0.48156,
57.133,0.48076,
57.15,0.38037,
57.167,0.24669,
57.183,0.16783,
57.2,0.19537,
57.217,0.31045,
57.233,0.43644,
57.25,0.48972,
57.267,0.43499,
57.283,0.30839,
57.3,0.19342,
57.317,0.1656,
57.333,0.24262,
57.35,0.37284,
57.367,0.46968,
57.383,0.4689,
57.4,0.37098,
57.417,0.24061,
57.433,0.16368,
57.45,0.19054,
57.467,0.30279,
57.483,0.42566,
57.5,0.47762,
57.517,0.42424,
57.533,0.30077,
57.55,0.18865,
57.567,0.16152,
57.583,0.23663,
57.6,0.36364,
57.617,0.45809,
57.633,0.45732,
57.65,0.36183,
57.667,0.23467,
57.683,0.15964,
57.7,0.18584,
57.717,0.29531,
57.733,0.41514,
57.75,0.46582,
57.767,0.41376,
57.783,0.29334,
57.8,0.18399,
57.817,0.15753,
57.833,0.23079,
57.85,0.35466,
57.867,0.44678,
57.883,0.44604,
57.9,0.3529,
57.917,0.22888,
57.933,0.1557,
57.95,0.18125,
57.967,0.28801,
57.983,0.40489,
58,0.45432,
58.017,0.40354,
58.033,0.2861,
58.05,0.17944,
58.067,0.15364,
58.083,0.22509,
58.1,0.34591,
58.117,0.43575,
58.133,0.43503,
58.15,0.34419,
58.167,0.22323,
58.183,0.15186,
58.2,0.17677,
58.217,0.2809,
58.233,0.39489,
58.25,0.4431,
58.267,0.39357,
58.283,0.27903,
58.3,0.17501,
58.317,0.14985,
58.333,0.21954,
58.35,0.33737,
58.367,0.425,
58.383,0.42429,
58.4,0.33569,
58.417,0.21772,
58.433,0.14811,
58.45,0.17241,
58.467,0.27396,
58.483,0.38513,
58.5,0.43215,
58.517,0.38385,
58.533,0.27214,
58.55,0.17069,
58.567,0.14615,
58.583,0.21412,
58.6,0.32905,
58.617,0.41451,
58.633,0.41382,
58.65,0.32741,
58.667,0.21234,
58.683,0.14445,
58.7,0.16815,
58.717,0.26719,
58.733,0.37562,
58.75,0.42148,
58.767,0.37437,
58.783,0.26542,
58.8,0.16647,
58.817,0.14254,
58.833,0.20884,
58.85,0.32093,
58.867,0.40428,
58.883,0.40361,
58.9,0.31933,
58.917,0.2071,
58.933,0.14089,
58.95,0.164,
58.967,0.26059,
58.983,0.36634,
59,0.41107,
59.017,0.36513,
59.033,0.25886,
59.05,0.16236,
59.067,0.13902,
59.083,0.20368,
59.1,0.31301,
59.117,0.3943,
59.133,0.39365,
59.15,0.31145,
59.167,0.20199,
59.183,0.13741,
59.2,0.15995,
59.217,0.25416,
59.233,0.3573,
59.25,0.40092,
59.267,0.35611,
59.283,0.25247,
59.3,0.15835,
59.317,0.13559,
59.333,0.19865,
59.35,0.30528,
59.367,0.38457,
59.383,0.38393,
59.4,0.30376,
59.417,0.19701,
59.433,0.13402,
59.45,0.15599,
59.467,0.24788,
59.483,0.34847,
59.5,0.39101,
59.517,0.34731,
59.533,0.24623,
59.55,0.15444,
59.567,0.13224,
59.583,0.19375,
59.6,0.29775,
59.617,0.37508,
59.633,0.37445,
59.65,0.29626,
59.667,0.19214,
59.683,0.13071,
59.7,0.15214,
59.717,0.24176,
59.733,0.33986,
59.75,0.38136,
59.767,0.33873,
59.783,0.24015,
59.8,0.15063,
59.817,0.12898,
59.833,0.18897,
59.85,0.2904,
59.867,0.36582,
59.883,0.36521,
59.9,0.28895,
59.917,0.1874,
59.933,0.12748,
59.95,0.14839,
59.967,0.23579,
59.983,0.33147,
60,0.37194,
60.017,0.33037,
60.033,0.23422,
60.05,0.14691,
60.067,0.12579,
60.083,0.1843,
60.1,0.28323,
60.117,0.35679,
60.133,0.3562,
60.15,0.28182,
60.167,0.18278,
60.183,0.12433,
60.2,0.14472,
60.217,0.22996,
60.233,0.32328,
60.25,0.36275,
60.267,0.32221,
60.283,0.22843,
60.3,0.14328,
60.317,0.12269,
60.333,0.17976,
60.35,0.27624,
60.367,0.34799,
60.383,0.34741,
60.4,0.27486,
60.417,0.17826,
60.433,0.12126,
60.45,0.14115,
60.467,0.22428,
60.483,0.3153,
60.5,0.35379,
60.517,0.31425,
60.533,0.22279,
60.55,0.13974,
60.567,0.11966,
60.583,0.17532,
60.6,0.26942,
60.617,0.3394,
60.633,0.33883,
60.65,0.26808,
60.667,0.17386,
60.683,0.11827,
60.7,0.13766,
60.717,0.21874,
60.733,0.30751,
60.75,0.34505,
60.767,0.30649,
60.783,0.21729,
60.8,0.13629,
60.817,0.1167,
60.833,0.17099,
60.85,0.26277,
60.867,0.33102,
60.883,0.33047,
60.9,0.26146,
60.917,0.16957,
60.933,0.11535,
60.95,0.13426,
60.967,0.21334,
60.983,0.29992,
61,0.33653,
61.017,0.29892,
61.033,0.21192,
61.05,0.13292,
61.067,0.11382,
61.083,0.16677,
61.1,0.25628,
61.117,0.32285,
61.133,0.32231,
61.15,0.25501,
61.167,0.16539,
61.183,0.1125,
61.2,0.13095,
61.217,0.20807,
61.233,0.29251,
61.25,0.32822,
61.267,0.29154,
61.283,0.20669,
61.3,0.12964,
61.317,0.11101,
61.333,0.16265,
61.35,0.24996,
61.367,0.31488,
61.383,0.31436,
61.4,0.24871,
61.417,0.1613,
61.433,0.10972,
61.45,0.12771,
61.467,0.20293,
61.483,0.28529,
61.5,0.32011,
61.517,0.28434,
61.533,0.20158,
61.55,0.12644,
61.567,0.10827,
61.583,0.15864,
61.6,0.24379,
61.617,0.30711,
61.633,0.3066,
61.65,0.24257,
61.667,0.15732,
61.683,0.10702,
61.7,0.12456,
61.717,0.19792,
61.733,0.27824,
61.75,0.31221,
61.767,0.27731,
61.783,0.19661,
61.8,0.12332,
61.817,0.1056,
61.833,0.15472,
61.85,0.23777,
61.867,0.29953,
61.883,0.29903,
61.9,0.23659,
61.917,0.15344,
61.933,0.10437,
61.95,0.12148,
61.967,0.19303,
61.983,0.27137,
62,0.3045,
62.017,0.27046,
62.033,0.19175,
62.05,0.12027,
62.067,0.10299,
62.083,0.1509,
62.1,0.2319,
62.117,0.29213,
62.133,0.29165,
62.15,0.23075,
62.167,0.14965,
62.183,0.1018,
62.2,0.11848,
62.217,0.18827,
62.233,0.26467,
62.25,0.29698,
62.267,0.26379,
62.283,0.18702,
62.3,0.1173,
62.317,0.10045,
62.333,0.14718,
62.35,0.22618,
62.367,0.28492,
62.383,0.28445,
62.4,0.22505,
62.417,0.14596,
62.433,0.099284,
62.45,0.11556,
62.467,0.18362,
62.483,0.25813,
62.5,0.28964,
62.517,0.25727,
62.533,0.1824,
62.55,0.11441,
62.567,0.097969,
62.583,0.14355,
62.6,0.2206,
62.617,0.27789,
62.633,0.27743,
62.65,0.2195,
62.667,0.14236,
62.683,0.096833,
62.7,0.1127,
62.717,0.17908,
62.733,0.25176,
62.75,0.28249,
62.767,0.25092,
62.783,0.17789,
62.8,0.11158,
62.817,0.09555,
62.833,0.14,
62.85,0.21515,
62.867,0.27103,
62.883,0.27058,
62.9,0.21408,
62.917,0.13884,
62.933,0.094442,
62.95,0.10992,
62.967,0.17466,
62.983,0.24554,
63,0.27551,
63.017,0.24472,
63.033,0.1735,
63.05,0.10883,
63.067,0.093191,
63.083,0.13655,
63.1,0.20984,
63.117,0.26434,
63.133,0.2639,
63.15,0.20879,
63.167,0.13541,
63.183,0.092111,
63.2,0.1072,
63.217,0.17035,
63.233,0.23947,
63.25,0.26871,
63.267,0.23868,
63.283,0.16921,
63.3,0.10614,
63.317,0.090891,
63.333,0.13318,
63.35,0.20466,
63.367,0.25782,
63.383,0.25739,
63.4,0.20364,
63.417,0.13207,
63.433,0.089836,
63.45,0.10456,
63.467,0.16614,
63.483,0.23356,
63.5,0.26207,
63.517,0.23278,
63.533,0.16503,
63.55,0.10352,
63.567,0.088647,
63.583,0.12989,
63.6,0.19961,
63.617,0.25145,
63.633,0.25103,
63.65,0.19861,
63.667,0.12881,
63.683,0.087619,
63.7,0.10198,
63.717,0.16204,
63.733,0.22779,
63.75,0.2556,
63.767,0.22703,
63.783,0.16096,
63.8,0.10096,
63.817,0.086458,
63.833,0.12668,
63.85,0.19468,
63.867,0.24524,
63.883,0.24484,
63.9,0.19371,
63.917,0.12563,
63.933,0.085455,
63.95,0.099457,
63.967,0.15803,
63.983,0.22217,
64,0.24929,
64.017,0.22143,
64.033,0.15698,
64.05,0.098468,
64.067,0.084324,
64.083,0.12356,
64.1,0.18988,
64.117,0.23919,
64.133,0.23879,
64.15,0.18893,
64.167,0.12253,
64.183,0.083346,
64.2,0.097001,
64.217,0.15413,
64.233,0.21668,
64.25,0.24313,
64.267,0.21596,
64.283,0.15311,
64.3,0.096036,
64.317,0.082242,
64.333,0.12051,
64.35,0.18519,
64.367,0.23329,
64.383,0.2329,
64.4,0.18427,
64.417,0.11951,
64.433,0.081288,
64.45,0.094606,
64.467,0.15033,
64.483,0.21133,
64.5,0.23713,
64.517,0.21063,
64.533,0.14933,
64.55,0.093664,
64.567,0.080211,
64.583,0.11753,
64.6,0.18062,
64.617,0.22753,
64.633,0.22715,
64.65,0.17972,
64.667,0.11656,
64.683,0.079281,
64.7,0.09227,
64.717,0.14661,
64.733,0.20611,
64.75,0.23127,
64.767,0.20542,
64.783,0.14564,
64.8,0.091351,
64.817,0.078231,
64.833,0.11463,
64.85,0.17616,
64.867,0.22191,
64.883,0.22154,
64.9,0.17528,
64.917,0.11368,
64.933,0.077324,
64.95,0.089991,
64.967,0.14299,
64.983,0.20102,
65,0.22556,
65.017,0.20035,
65.033,0.14204,
65.05,0.089096,
65.067,0.0763,
65.083,0.1118,
65.1,0.17181,
65.117,0.21643,
65.133,0.21607,
65.15,0.17095,
65.167,0.11087,
65.183,0.075415,
65.2,0.087769,
65.217,0.13946,
65.233,0.19606,
65.25,0.21999,
65.267,0.1954,
65.283,0.13853,
65.3,0.086896,
65.317,0.074416,
65.333,0.10904,
65.35,0.16757,
65.367,0.21109,
65.383,0.21074,
65.4,0.16673,
65.417,0.10814,
65.433,0.073553,
65.45,0.085602,
65.467,0.13602,
65.483,0.19121,
65.5,0.21456,
65.517,0.19058,
65.533,0.13511,
65.55,0.08475,
65.567,0.072579,
65.583,0.10635,
65.6,0.16343,
65.617,0.20588,
65.633,0.20554,
65.65,0.16262,
65.667,0.10547,
65.683,0.071737,
65.7,0.083488,
65.717,0.13266,
65.733,0.18649,
65.75,0.20926,
65.767,0.18587,
65.783,0.13178,
65.8,0.082657,
65.817,0.070787,
65.833,0.10372,
65.85,0.1594,
65.867,0.2008,
65.883,0.20046,
65.9,0.1586,
65.917,0.10286,
65.933,0.069966,
65.95,0.081426,
65.967,0.12938,
65.983,0.18189,
66,0.20409,
66.017,0.18128,
66.033,0.12852,
66.05,0.080616,
66.067,0.069039,
66.083,0.10116,
66.1,0.15546,
66.117,0.19584,
66.133,0.19551,
66.15,0.15469,
66.167,0.10032,
66.183,0.068238,
66.2,0.079416,
66.217,0.12619,
66.233,0.1774,
66.25,0.19905,
66.267,0.1768,
66.283,0.12535,
66.3,0.078625,
66.317,0.067335,
66.333,0.098666,
66.35,0.15163,
66.367,0.19101,
66.383,0.19069,
66.4,0.15087,
66.417,0.097847,
66.433,0.066554,
66.45,0.077455,
66.467,0.12307,
66.483,0.17301,
66.5,0.19414,
66.517,0.17244,
66.533,0.12225,
66.55,0.076684,
66.567,0.065672,
66.583,0.09623,
66.6,0.14788,
66.617,0.18629,
66.633,0.18598,
66.65,0.14715,
66.667,0.095431,
66.683,0.064911,
66.7,0.075542,
66.717,0.12003,
66.733,0.16874,
66.75,0.18934,
66.767,0.16818,
66.783,0.11923,
66.8,0.07479,
66.817,0.064051,
66.833,0.093854,
66.85,0.14423,
66.867,0.18169,
66.883,0.18139,
66.9,0.14351,
66.917,0.093076,
66.933,0.063308,
66.95,0.073677,
66.967,0.11707,
66.983,0.16458,
67,0.18467,
67.017,0.16403,
67.033,0.11629,
67.05,0.072943,
67.067,0.06247,
67.083,0.091537,
67.1,0.14067,
67.117,0.17721,
67.133,0.17691,
67.15,0.13997,
67.167,0.090778,
67.183,0.061745,
67.2,0.071857,
67.217,0.11418,
67.233,0.16051,
67.25,0.18011,
67.267,0.15998,
67.283,0.11342,
67.3,0.071142,
67.317,0.060927,
67.333,0.089278,
67.35,0.1372,
67.367,0.17283,
67.383,0.17254,
67.4,0.13652,
67.417,0.088537,
67.433,0.060221,
67.45,0.070083,
67.467,0.11136,
67.483,0.15655,
67.5,0.17566,
67.517,0.15603,
67.533,0.11062,
67.55,0.069385,
67.567,0.059423,
67.583,0.087074,
67.6,0.13381,
67.617,0.16857,
67.633,0.16829,
67.65,0.13314,
67.667,0.086351,
67.683,0.058734,
67.7,0.068352,
67.717,0.10861,
67.733,0.15268,
67.75,0.17132,
67.767,0.15217,
67.783,0.10789,
67.8,0.067672,
67.817,0.057956,
67.833,0.084924,
67.85,0.13051,
67.867,0.1644,
67.883,0.16413,
67.9,0.12986,
67.917,0.08422,
67.933,0.057284,
67.95,0.066664,
67.967,0.10593,
67.983,0.14891,
68,0.16709,
68.017,0.14842,
68.033,0.10522,
68.05,0.066001,
68.067,0.056525,
68.083,0.082828,
68.1,0.12729,
68.117,0.16035,
68.133,0.16008,
68.15,0.12665,
68.167,0.082141,
68.183,0.055869,
68.2,0.065018,
68.217,0.10331,
68.233,0.14523,
68.25,0.16297,
68.267,0.14475,
68.283,0.10262,
68.3,0.064371,
68.317,0.055129,
68.333,0.080783,
68.35,0.12414,
68.367,0.15639,
68.383,0.15613,
68.4,0.12353,
68.417,0.080113,
68.433,0.05449,
68.45,0.063413,
68.467,0.10076,
68.483,0.14165,
68.5,0.15894,
68.517,0.14118,
68.533,0.10009,
68.55,0.062782,
68.567,0.053768,
68.583,0.078789,
68.6,0.12108,
68.617,0.15253,
68.633,0.15227,
68.65,0.12048,
68.667,0.078135,
68.683,0.053145,
68.7,0.061847,
68.717,0.098271,
68.733,0.13815,
68.75,0.15502,
68.767,0.13769,
68.783,0.097618,
68.8,0.061232,
68.817,0.052441,
68.833,0.076844,
68.85,0.11809,
68.867,0.14876,
68.883,0.14851,
68.9,0.1175,
68.917,0.076206,
68.933,0.051833,
68.95,0.06032,
68.967,0.095844,
68.983,0.13474,
69,0.15119,
69.017,0.13429,
69.033,0.095207,
69.05,0.05972,
69.067,0.051146,
69.083,0.074947,
69.1,0.11518,
69.117,0.14509,
69.133,0.14485,
69.15,0.1146,
69.167,0.074325,
69.183,0.050553,
69.2,0.05883,
69.217,0.093477,
69.233,0.13141,
69.25,0.14745,
69.267,0.13097,
69.283,0.092856,
69.3,0.058245,
69.317,0.049883,
69.333,0.073097,
69.35,0.11233,
69.367,0.14151,
69.383,0.14127,
69.4,0.11177,
69.417,0.07249,
69.433,0.049305,
69.45,0.057378,
69.467,0.091169,
69.483,0.12817,
69.5,0.14381,
69.517,0.12774,
69.533,0.090563,
69.55,0.056807,
69.567,0.048652,
69.583,0.071292,
69.6,0.10956,
69.617,0.13801,
69.633,0.13778,
69.65,0.10901,
69.667,0.0707,
69.683,0.048088,
69.7,0.055961,
69.717,0.088918,
69.733,0.125,
69.75,0.14026,
69.767,0.12459,
69.783,0.088327,
69.8,0.055404,
69.817,0.047451,
69.833,0.069532,
69.85,0.10685,
69.867,0.13461,
69.883,0.13438,
69.9,0.10632,
69.917,0.068955,
69.933,0.0469,
69.95,0.054579,
69.967,0.086722,
69.983,0.12191,
70,0.1368,
70.017,0.12151,
70.033,0.086146,
70.05,0.054036,
70.067,0.046279,
70.083,0.067815,
70.1,0.10422,
70.117,0.13128,
70.133,0.13107,
70.15,0.1037,
70.167,0.067253,
70.183,0.045742,
70.2,0.053231,
70.217,0.084581,
70.233,0.1189,
70.25,0.13342,
70.267,0.11851,
70.283,0.084019,
70.3,0.052702,
70.317,0.045137,
70.333,0.066141,
70.35,0.10164,
70.367,0.12804,
70.383,0.12783,
70.4,0.10114,
70.417,0.065592,
70.433,0.044613,
70.45,0.051917,
70.467,0.082492,
70.483,0.11597,
70.5,0.13013,
70.517,0.11558,
70.533,0.081944,
70.55,0.0514,
70.567,0.044022,
70.583,0.064508,
70.6,0.099135,
70.617,0.12488,
70.633,0.12467,
70.65,0.09864,
70.667,0.063973,
70.683,0.043512,
70.7,0.050635,
70.717,0.080455,
70.733,0.1131,
70.75,0.12691,
70.767,0.11273,
70.783,0.07992,
70.8,0.050131,
70.817,0.042935,
70.833,0.062916,
70.85,0.096687,
70.867,0.1218,
70.883,0.1216,
70.9,0.096205,
70.917,0.062394,
70.933,0.042437,
70.95,0.049385,
70.967,0.078468,
70.983,0.11031,
71,0.12378,
71.017,0.10994,
71.033,0.077947,
71.05,0.048893,
71.067,0.041875,
71.083,0.061363,
71.1,0.0943,
71.117,0.11879,
71.133,0.11859,
71.15,0.09383,
71.167,0.060853,
71.183,0.04139,
71.2,0.048165,
71.217,0.076531,
71.233,0.10759,
71.25,0.12072,
71.267,0.10723,
71.283,0.076022,
71.3,0.047686,
71.317,0.040841,
71.333,0.059848,
71.35,0.091972,
71.367,0.11586,
71.383,0.11567,
71.4,0.091514,
71.417,0.059351,
71.433,0.040368,
71.45,0.046976,
71.467,0.074641,
71.483,0.10493,
71.5,0.11774,
71.517,0.10458,
71.533,0.074145,
71.55,0.046509,
71.567,0.039833,
71.583,0.05837,
71.6,0.089702,
71.617,0.113,
71.633,0.11281,
71.65,0.089255,
71.667,0.057886,
71.683,0.039371,
71.7,0.045816,
71.717,0.072798,
71.733,0.10234,
71.75,0.11483,
71.767,0.102,
71.783,0.072314,
71.8,0.04536,
71.817,0.03885,
71.833,0.056929,
71.85,0.087487,
71.867,0.11021,
71.883,0.11003,
71.9,0.087051,
71.917,0.056457,
71.933,0.038399,
71.95,0.044685,
71.967,0.071,
71.983,0.099813,
72,0.112,
72.017,0.099481,
72.033,0.070529,
72.05,0.04424,
72.067,0.03789,
72.083,0.055524,
72.1,0.085327,
72.117,0.10749,
72.133,0.10731,
72.15,0.084902,
72.167,0.055063,
72.183,0.037451,
72.2,0.043582,
72.217,0.069247,
72.233,0.097349,
72.25,0.10923,
72.267,0.097025,
72.283,0.068787,
72.3,0.043148,
72.317,0.036955,
72.333,0.054153,
72.35,0.083221,
72.367,0.10483,
72.383,0.10466,
72.4,0.082806,
72.417,0.053704,
72.433,0.036526,
72.45,0.042505,
72.467,0.067537,
72.483,0.094945,
72.5,0.10654,
72.517,0.094629,
72.533,0.067088,
72.55,0.042082,
72.567,0.036043,
72.583,0.052816,
72.6,0.081166,
72.617,0.10225,
72.633,0.10208,
72.65,0.080762,
72.667,0.052378,
72.683,0.035625,
72.7,0.041456,
72.717,0.06587,
72.733,0.0926,
72.75,0.10391,
72.767,0.092292,
72.783,0.065432,
72.8,0.041043,
72.817,0.035153,
72.833,0.051512,
72.85,0.079163,
72.867,0.099722,
72.883,0.099556,
72.9,0.078768,
72.917,0.051085,
72.933,0.034745,
72.95,0.040432,
72.967,0.064243,
72.983,0.090314,
73,0.10134,
73.017,0.090013,
73.033,0.063816,
73.05,0.04003,
73.067,0.034285,
73.083,0.05024,
73.1,0.077208,
73.117,0.09726,
73.133,0.097099,
73.15,0.076823,
73.167,0.049824,
73.183,0.033887,
73.2,0.039434,
73.217,0.062657,
73.233,0.088084,
73.25,0.098838,
73.267,0.087791,
73.283,0.06224,
73.3,0.039041,
73.317,0.033438,
73.333,0.049,
73.35,0.075302,
73.367,0.094859,
73.383,0.094701,
73.4,0.074927,
73.417,0.048594,
73.433,0.03305,
73.45,0.03846,
73.467,0.06111,
73.483,0.085909,
73.5,0.096397,
73.517,0.085623,
73.533,0.060704,
73.55,0.038077,
73.567,0.032613,
73.583,0.04779,
73.6,0.073443,
73.617,0.092517,
73.633,0.092363,
73.65,0.073077,
73.667,0.047394,
73.683,0.032234,
73.7,0.037511,
73.717,0.059601,
73.733,0.083787,
73.75,0.094017,
73.767,0.083509,
73.783,0.059205,
73.8,0.037137,
73.817,0.031808,
73.833,0.046611,
73.85,0.07163,
73.867,0.090233,
73.883,0.090083,
73.9,0.071273,
73.917,0.046224,
73.933,0.031439,
73.95,0.036584,
73.967,0.058129,
73.983,0.081719,
74,0.091695,
74.017,0.081447,
74.033,0.057743,
74.05,0.03622,
74.067,0.031022,
74.083,0.04546,
74.1,0.069862,
74.117,0.088006,
74.133,0.087859,
74.15,0.069513,
74.167,0.045083,
74.183,0.030662,
74.2,0.035681,
74.217,0.056694,
74.233,0.079701,
74.25,0.089431,
74.267,0.079436,
74.283,0.056317,
74.3,0.035326,
74.317,0.030256,
74.333,0.044338,
74.35,0.068137,
74.367,0.085833,
74.383,0.08569,
74.4,0.067797,
74.417,0.04397,
74.433,0.029905,
74.45,0.0348,
74.467,0.055294,
74.483,0.077733,
74.5,0.087223,
74.517,0.077474,
74.533,0.054926,
74.55,0.034454,
74.567,0.029509,
74.583,0.043243,
74.6,0.066455,
74.617,0.083714,
74.633,0.083575,
74.65,0.066123,
74.667,0.042884,
74.683,0.029167,
74.7,0.033941,
74.717,0.053929,
74.733,0.075813,
74.75,0.085069,
74.767,0.075561,
74.783,0.05357,
74.8,0.033603,
74.817,0.028781,
74.833,0.042175,
74.85,0.064814,
74.867,0.081647,
74.883,0.081511,
74.9,0.064491,
74.917,0.041825,
74.933,0.028447,
74.95,0.033103,
74.967,0.052597,
74.983,0.073941,
75,0.082969,
75.017,0.073695,
75.033,0.052247,
75.05,0.032773,
75.067,0.02807,
75.083,0.041134,
75.1,0.063214,
75.117,0.079631,
75.133,0.079499,
75.15,0.062899,
75.167,0.040793,
75.183,0.027745,
75.2,0.032285,
75.217,0.051298,
75.233,0.072116,
75.25,0.08092,
75.267,0.071876,
75.283,0.050957,
75.3,0.031964,
75.317,0.027377,
75.333,0.040119,
75.35,0.061653,
75.367,0.077665,
75.383,0.077536,
75.4,0.061346,
75.417,0.039786,
75.433,0.02706,
75.45,0.031488,
75.467,0.050032,
75.483,0.070335,
75.5,0.078922,
75.517,0.070101,
75.533,0.049699,
75.55,0.031175,
75.567,0.026701,
75.583,0.039128,
75.6,0.060131,
75.617,0.075748,
75.633,0.075622,
75.65,0.059831,
75.667,0.038803,
75.683,0.026391,
75.7,0.030711,
75.717,0.048796,
75.733,0.068598,
75.75,0.076973,
75.767,0.06837,
75.783,0.048472,
75.8,0.030405,
75.817,0.026042,
75.833,0.038162,
75.85,0.058647,
75.867,0.073878,
75.883,0.073755,
75.9,0.058354,
75.917,0.037845,
75.933,0.02574,
75.95,0.029952,
75.967,0.047591,
75.983,0.066905,
76,0.075073,
76.017,0.066682,
76.033,0.047275,
76.05,0.029654,
76.067,0.025399,
76.083,0.03722,
76.1,0.057199,
76.117,0.072054,
76.133,0.071934,
76.15,0.056913,
76.167,0.036911,
76.183,0.025104,
76.2,0.029213,
76.217,0.046416,
76.233,0.065253,
76.25,0.073219,
76.267,0.065035,
76.283,0.046108,
76.3,0.028922,
76.317,0.024772,
76.333,0.036301,
76.35,0.055787,
76.367,0.070275,
76.383,0.070158,
76.4,0.055508,
76.417,0.036,
76.433,0.024485,
76.45,0.028492,
76.467,0.04527,
76.483,0.063641,
76.5,0.071411,
76.517,0.06343,
76.533,0.044969,
76.55,0.028208,
76.567,0.02416,
76.583,0.035405,
76.6,0.054409,
76.617,0.06854,
76.633,0.068426,
76.65,0.054138,
76.667,0.035111,
76.683,0.02388,
76.7,0.027788,
76.717,0.044152,
76.733,0.06207,
76.75,0.069648,
76.767,0.061863,
76.783,0.043859,
76.8,0.027512,
76.817,0.023564,
76.833,0.034531,
76.85,0.053066,
76.867,0.066848,
76.883,0.066737,
76.9,0.052801,
76.917,0.034244,
76.933,0.02329,
76.95,0.027102,
76.967,0.043062,
76.983,0.060537,
77,0.067928,
77.017,0.060336,
77.033,0.042776,
77.05,0.026832,
77.067,0.022982,
77.083,0.033678,
77.1,0.051756,
77.117,0.065198,
77.133,0.065089,
77.15,0.051498,
77.167,0.033399,
77.183,0.022715,
77.2,0.026433,
77.217,0.041999,
77.233,0.059043,
77.25,0.066251,
77.267,0.058846,
77.283,0.04172,
77.3,0.02617,
77.317,0.022415,
77.333,0.032847,
77.35,0.050478,
77.367,0.063588,
77.383,0.063482,
77.4,0.050226,
77.417,0.032574,
77.433,0.022155,
77.45,0.02578,
77.467,0.040962,
77.483,0.057585,
77.5,0.064615,
77.517,0.057393,
77.533,0.04069,
77.55,0.025524,
77.567,0.021861,
77.583,0.032036,
77.6,0.049232,
77.617,0.062018,
77.633,0.061915,
77.65,0.048986,
77.667,0.03177,
77.683,0.021608,
77.7,0.025144,
77.717,0.03995,
77.733,0.056163,
77.75,0.06302,
77.767,0.055976,
77.783,0.039685,
77.8,0.024893,
77.817,0.021321,
77.833,0.031245,
77.85,0.048016,
77.867,0.060487,
77.883,0.060386,
77.9,0.047777,
77.917,0.030986,
77.933,0.021074,
77.95,0.024523,
77.967,0.038964,
77.983,0.054776,
78,0.061464,
78.017,0.054594,
78.033,0.038705,
78.05,0.024279,
78.067,0.020795,
78.083,0.030473,
78.1,0.046831,
78.117,0.058994,
78.133,0.058895,
78.15,0.046597,
78.167,0.030221,
78.183,0.020554,
78.2,0.023917,
78.217,0.038002,
78.233,0.053424,
78.25,0.059946,
78.267,0.053246,
78.283,0.037749,
78.3,0.023679,
78.317,0.020282,
78.333,0.029721,
78.35,0.045675,
78.367,0.057537,
78.383,0.057441,
78.4,0.045447,
78.417,0.029474,
78.433,0.020046,
78.45,0.023327,
78.467,0.037064,
78.483,0.052104,
78.5,0.058466,
78.517,0.051931,
78.533,0.036817,
78.55,0.023095,
78.567,0.019781,
78.583,0.028987,
78.6,0.044547,
78.617,0.056117,
78.633,0.056023,
78.65,0.044325,
78.667,0.028747,
78.683,0.019551,
78.7,0.022751,
78.717,0.036148,
78.733,0.050818,
78.75,0.057022,
78.767,0.050649,
78.783,0.035908,
78.8,0.022524,
78.817,0.019292,
78.833,0.028272,
78.85,0.043447,
78.867,0.054731,
78.883,0.05464,
78.9,0.043231,
78.917,0.028037,
78.933,0.019069,
78.95,0.022189,
78.967,0.035256,
78.983,0.049563,
79,0.055614,
79.017,0.049398,
79.033,0.035022,
79.05,0.021968,
79.067,0.018816,
79.083,0.027574,
79.1,0.042375,
79.117,0.05338,
79.133,0.053291,
79.15,0.042163,
79.167,0.027345,
79.183,0.018598,
79.2,0.021641,
79.217,0.034385,
79.233,0.048339,
79.25,0.054241,
79.267,0.048179,
79.283,0.034157,
79.3,0.021426,
79.317,0.018352,
79.333,0.026893,
79.35,0.041328,
79.367,0.052062,
79.383,0.051975,
79.4,0.041122,
79.417,0.02667,
79.433,0.018139,
79.45,0.021107,
79.467,0.033536,
79.483,0.047146,
79.5,0.052902,
79.517,0.046989,
79.533,0.033313,
79.55,0.020897,
79.567,0.017898,
79.583,0.026229,
79.6,0.040308,
79.617,0.050777,
79.633,0.050692,
79.65,0.040107,
79.667,0.026011,
79.683,0.017691,
79.7,0.020586,
79.717,0.032708,
79.733,0.045982,
79.75,0.051596,
79.767,0.045829,
79.783,0.032491,
79.8,0.020381,
79.817,0.017457,
79.833,0.025581,
79.85,0.039313,
79.867,0.049523,
79.883,0.049441,
79.9,0.039117,
79.917,0.025369,
79.933,0.017254,
79.95,0.020077,
79.967,0.031901,
79.983,0.044846,
80,0.050322,
80.017,0.044697,
80.033,0.031689,
80.05,0.019878,
80.067,0.017026,
80.083,0.02495,
80.1,0.038342,
80.117,0.0483,
80.133,0.04822,
80.15,0.038151,
80.167,0.024743,
80.183,0.016828,
80.2,0.019582,
80.217,0.031113,
80.233,0.043739,
80.25,0.049079,
80.267,0.043594,
80.283,0.030906,
80.3,0.019387,
80.317,0.016605,
80.333,0.024334,
80.35,0.037396,
80.367,0.047108,
80.383,0.047029,
80.4,0.037209,
80.417,0.024132,
80.433,0.016413,
80.45,0.019098,
80.467,0.030345,
80.483,0.042659,
80.5,0.047867,
80.517,0.042517,
80.533,0.030143,
80.55,0.018908,
80.567,0.016195,
80.583,0.023733,
80.6,0.036472,
80.617,0.045945,
80.633,0.045868,
80.65,0.036291,
80.667,0.023536,
80.683,0.016007,
80.7,0.018627,
80.717,0.029596,
80.733,0.041606,
80.75,0.046685,
80.767,0.041467,
80.783,0.029399,
80.8,0.018441,
80.817,0.015795,
80.833,0.023147,
80.85,0.035572,
80.867,0.04481,
80.883,0.044736,
80.9,0.035395,
80.917,0.022955,
80.933,0.015612,
80.95,0.018167,
80.967,0.028865,
80.983,0.040579,
81,0.045533,
81.017,0.040443,
81.033,0.028673,
81.05,0.017986,
81.067,0.015405,
81.083,0.022576,
81.1,0.034694,
81.117,0.043704,
81.133,0.043631,
81.15,0.034521,
81.167,0.022388,
81.183,0.015227,
81.2,0.017718,
81.217,0.028152,
81.233,0.039577,
81.25,0.044408,
81.267,0.039445,
81.283,0.027965,
81.3,0.017542,
81.317,0.015025,
81.333,0.022018,
81.35,0.033837,
81.367,0.042625,
81.383,0.042554,
81.4,0.033668,
81.417,0.021836,
81.433,0.014851,
81.45,0.017281,
81.467,0.027457,
81.483,0.038599,
81.5,0.043312,
81.517,0.038471,
81.533,0.027275,
81.55,0.017109,
81.567,0.014654,
81.583,0.021475,
81.6,0.033002,
81.617,0.041573,
81.633,0.041503,
81.65,0.032837,
81.667,0.021296,
81.683,0.014484,
81.7,0.016854,
81.717,0.026779,
81.733,0.037646,
81.75,0.042243,
81.767,0.037521,
81.783,0.026601,
81.8,0.016686,
81.817,0.014292,
81.833,0.020944,
81.85,0.032187,
81.867,0.040546,
81.883,0.040479,
81.9,0.032026,
81.917,0.020771,
81.933,0.014126,
81.95,0.016438,
81.967,0.026118,
81.983,0.036717,
82,0.0412,
82.017,0.036595,
82.033,0.025944,
82.05,0.016274,
82.067,0.013939,
82.083,0.020427,
82.1,0.031392,
82.117,0.039545,
82.133,0.039479,
82.15,0.031236,
82.167,0.020258,
82.183,0.013778,
82.2,0.016032,
82.217,0.025473,
82.233,0.03581,
82.25,0.040182,
82.267,0.035691,
82.283,0.025304,
82.3,0.015872,
82.317,0.013595,
82.333,0.019923,
82.35,0.030617,
82.367,0.038569,
82.383,0.038505,
82.4,0.030465,
82.417,0.019758,
82.433,0.013438,
82.45,0.015636,
82.467,0.024844,
82.483,0.034926,
82.5,0.03919,
82.517,0.03481,
82.533,0.024679,
82.55,0.015481,
82.567,0.01326,
82.583,0.019431,
82.6,0.029861,
82.617,0.037617,
82.633,0.037554,
82.65,0.029712,
82.667,0.01927,
82.683,0.013106,
82.7,0.01525,
82.717,0.024231,
82.733,0.034064,
82.75,0.038223,
82.767,0.03395,
82.783,0.02407,
82.8,0.015098,
82.817,0.012932,
82.833,0.018951,
82.85,0.029124,
82.867,0.036688,
82.883,0.036627,
82.9,0.028979,
82.917,0.018794,
82.933,0.012782,
82.95,0.014874,
82.967,0.023632,
82.983,0.033223,
83,0.037279,
83.017,0.033112,
83.033,0.023475,
83.05,0.014726,
83.067,0.012613,
83.083,0.018483,
83.1,0.028405,
83.117,0.035782,
83.133,0.035723,
83.15,0.028263,
83.167,0.01833,
83.183,0.012467,
83.2,0.014506,
83.217,0.023049,
83.233,0.032402,
83.25,0.036358,
83.267,0.032295,
83.283,0.022896,
83.3,0.014362,
83.317,0.012301,
